Name,Age,#days,Lev,Tm,G,GS,W,L,SV,IP,H,R,ER,BB,SO,HR,HBP,ERA,AB,2B,3B,IBB,GDP,SF,SB,CS,PO,BF,Pit,Str,StL,StS,GB/FB,LD,PU,WHIP,BAbip,SO9,SO/W,mlbID
Andrew Abbott,26,10,Maj-NL,Cincinnati,4,4,2.0,,,23.0,26,7,7,4,14,2,0,2.74,93,5,0,0,1,1,2,0,0,98,368,0.69,0.15,0.11,0.33,0.31,0.08,1.304,0.308,5.5,3.5,671096
Mick Abel,23,17,Maj-NL,Philadelphia,2,2,,2.0,,4.2,8,9,9,5,4,4,0,17.36,22,1,0,0,0,0,0,0,0,27,126,0.58,0.14,0.1,0.06,0.22,0.06,2.786,0.286,7.7,0.8,690953
Sandy Alcantara,29,1,Maj-NL,Miami,5,5,1.0,1.0,,29.0,38,25,25,7,18,3,2,7.76,121,9,0,0,2,3,2,0,0,133,487,0.67,0.16,0.06,0.42,0.3,0.06,1.552,0.34,5.6,2.57,645261
Logan Allen,26,0,Maj-AL,Cleveland,5,5,1.0,4.0,,29.0,25,13,12,9,24,3,0,3.72,107,6,0,1,1,0,1,4,2,116,466,0.65,0.17,0.08,0.49,0.24,0.08,1.172,0.275,7.4,2.67,671106
Tyler Anderson,35,8,Maj-AL,Los Angeles,4,4,,1.0,,20.2,22,8,8,8,17,2,0,3.48,82,6,2,1,1,1,0,0,0,91,344,0.63,0.15,0.12,0.33,0.21,0.12,1.452,0.313,7.4,2.13,542881
Braxton Ashcraft,25,1,Maj-NL,Pittsburgh,6,1,1.0,,,13.1,19,6,6,5,11,1,0,4.05,57,7,1,0,1,0,1,1,0,62,240,0.67,0.17,0.11,0.5,0.22,0.02,1.8,0.4,7.4,2.2,677952
Tanner Banks,33,0,Maj-NL,Philadelphia,11,1,1.0,2.0,,11.0,9,3,3,1,10,1,0,2.45,42,1,0,0,0,0,0,0,0,43,159,0.69,0.2,0.1,0.41,0.28,0.06,0.909,0.258,8.2,10.0,621383
Chris Bassitt,36,1,Maj-AL,Toronto,6,5,3.0,1.0,,27.0,33,14,13,9,26,3,3,4.33,106,4,1,0,7,0,2,1,0,118,450,0.64,0.18,0.1,0.41,0.3,0.1,1.556,0.39,8.7,2.89,605135
Shane Baz,26,7,Maj-AL,Tampa Bay,5,5,2.0,2.0,,32.2,26,12,12,10,36,4,1,3.31,119,10,0,0,3,0,3,1,0,130,484,0.64,0.16,0.14,0.45,0.23,0.12,1.102,0.278,9.9,3.6,669358
Brayan Bello,26,0,Maj-AL,Boston,6,5,3.0,3.0,,38.1,30,14,12,7,29,6,4,2.82,140,1,0,0,3,2,3,0,1,153,564,0.64,0.16,0.09,0.48,0.21,0.04,0.965,0.224,6.8,4.14,678394
Ryan Bergert,25,8,Maj-NL,San Diego,2,2,,,,7.2,8,5,5,5,11,2,0,5.87,31,2,0,0,0,0,0,0,0,37,151,0.65,0.17,0.11,0.24,0.24,0.0,1.696,0.333,12.9,2.2,686701
Brennan Bernardino,33,1,Maj-AL,Boston,9,1,1.0,,,12.0,7,5,5,6,6,0,0,3.75,42,1,0,1,0,0,1,0,0,48,178,0.65,0.19,0.08,0.58,0.11,0.14,1.083,0.194,4.5,1.0,657514
Jos\xc3\xa9 Berr\xc3\xados,31,6,Maj-AL,Toronto,5,5,3.0,1.0,,28.0,22,12,11,8,21,3,2,3.54,103,4,1,0,4,0,1,0,0,113,409,0.64,0.16,0.09,0.37,0.21,0.07,1.071,0.241,6.8,2.63,621244
Tanner Bibee,26,7,Maj-AL,Cleveland,5,5,1.0,3.0,,28.1,30,19,18,7,30,3,3,5.72,110,1,1,0,4,0,6,0,0,122,475,0.65,0.17,0.12,0.51,0.18,0.05,1.306,0.351,9.5,4.29,676440
Hayden Birdsong,23,13,Maj-NL,San Francisco,4,4,1.0,2.0,,17.1,17,17,15,14,17,5,1,7.79,69,4,0,0,1,0,1,0,0,84,330,0.54,0.15,0.1,0.27,0.19,0.19,1.788,0.255,8.8,1.21,806185
Paul Blackburn,31,21,Maj-NL,New York,2,2,,2.0,,5.2,12,6,6,3,7,1,1,9.53,27,1,1,0,0,2,3,0,0,33,128,0.6,0.13,0.13,0.36,0.32,0.14,2.647,0.524,11.1,2.33,621112
Bradley Blalock,24,7,Maj-NL,Colorado,1,1,,,,5.2,6,1,1,0,1,0,1,1.59,20,0,0,0,2,1,1,0,0,22,80,0.68,0.14,0.03,0.55,0.3,0.0,1.059,0.3,1.6,,687134
Matthew Boyd,34,7,Maj-NL,Chicago,5,5,4.0,,,31.0,17,4,4,4,29,1,0,1.16,108,5,0,0,1,1,1,0,1,113,415,0.69,0.18,0.11,0.39,0.21,0.14,0.677,0.203,8.4,7.25,571510
Taj Bradley,24,1,Maj-AL,Tampa Bay,5,5,2.0,1.0,,29.2,21,9,9,7,22,0,0,2.73,108,4,1,0,1,1,1,1,0,116,445,0.65,0.14,0.1,0.44,0.26,0.1,0.944,0.241,6.7,3.14,671737
Huascar Brazob\xc3\xa1n,35,8,Maj-NL,New York,8,1,2.0,,1.0,7.2,9,10,10,8,10,1,1,11.74,28,1,0,0,1,2,1,1,0,39,163,0.57,0.17,0.12,0.45,0.2,0.1,2.217,0.421,11.7,1.25,623211
Ben Brown,25,26,Maj-NL,Chicago,1,1,,1.0,,5.0,9,8,8,2,3,4,0,14.4,23,1,0,0,0,0,1,0,0,25,81,0.68,0.2,0.04,0.3,0.2,0.0,2.2,0.313,5.4,1.5,676962
Hunter Brown,26,6,Maj-AL,Houston,5,5,1.0,1.0,,29.0,22,13,13,8,32,5,1,4.03,106,4,1,1,2,1,3,0,0,116,469,0.61,0.17,0.12,0.47,0.2,0.07,1.034,0.243,9.9,4.0,686613
Kris Bubic,27,10,Maj-AL,Kansas City,4,4,1.0,2.0,,23.2,24,12,10,7,25,3,0,3.8,90,2,0,0,3,2,0,1,0,99,362,0.66,0.2,0.11,0.51,0.24,0.03,1.31,0.328,9.5,3.57,663460
Walker Buehler,30,9,Maj-AL,Boston,4,4,1.0,1.0,,19.0,20,15,14,13,10,5,2,6.63,75,0,1,0,2,0,3,0,1,90,358,0.59,0.16,0.06,0.43,0.29,0.05,1.737,0.25,4.7,0.77,621111
Aaron Bummer,31,1,Maj-NL,Atlanta,7,2,1.0,1.0,,11.2,14,12,11,5,13,3,1,8.49,47,4,0,1,0,1,2,0,0,54,195,0.64,0.19,0.11,0.49,0.37,0.0,1.629,0.344,10.0,2.6,607481
Sean Burke,25,7,Maj-AL,Chicago,4,3,1.0,1.0,,21.0,20,11,9,8,19,5,1,3.86,81,3,0,0,1,1,4,1,0,91,353,0.63,0.16,0.08,0.35,0.19,0.05,1.333,0.259,8.1,2.38,680732
Chase Burns,22,8,Maj-NL,Cincinnati,4,4,,1.0,,16.0,17,13,11,9,25,3,0,6.19,65,2,1,0,0,0,2,1,0,74,300,0.63,0.15,0.12,0.33,0.25,0.18,1.625,0.378,14.1,2.78,695505
Mike Burrows,25,0,Maj-NL,Pittsburgh,6,5,,2.0,,22.2,22,13,13,12,23,4,2,5.16,89,3,1,1,1,0,3,0,0,103,403,0.61,0.18,0.1,0.38,0.29,0.06,1.5,0.29,9.1,1.92,681347
Edward Cabrera,27,8,Maj-NL,Miami,4,4,1.0,2.0,,23.1,18,8,8,4,23,2,3,3.09,84,5,0,0,0,1,4,1,0,93,349,0.64,0.19,0.12,0.56,0.19,0.02,0.943,0.267,8.9,5.75,665795
Noah Cameron,25,6,Maj-AL,Kansas City,5,5,1.0,2.0,,27.2,22,9,9,10,26,3,0,2.93,102,2,2,1,4,0,0,0,0,112,454,0.61,0.16,0.11,0.49,0.2,0.08,1.157,0.26,8.5,2.6,702070
Griffin Canning,29,23,Maj-NL,New York,2,2,1.0,,,7.2,7,4,3,2,7,0,0,3.52,31,2,0,0,0,0,0,0,0,33,130,0.65,0.14,0.16,0.54,0.21,0.0,1.174,0.292,8.2,3.5,656288
Jonathan Cannon,24,1,Maj-AL,Chicago,4,4,2.0,,,20.1,19,6,6,8,12,1,1,2.66,78,6,1,1,2,0,3,0,0,87,320,0.62,0.14,0.07,0.45,0.3,0.06,1.328,0.277,5.3,1.5,686563
Joey Cantillo,25,6,Maj-AL,Cleveland,3,3,,,,12.2,14,7,7,6,18,2,0,4.97,50,3,0,0,0,2,0,0,0,58,241,0.63,0.15,0.15,0.41,0.32,0.0,1.579,0.375,12.8,3.0,676282
Ben Casparius,26,0,Maj-NL,Los Angeles,6,1,2.0,2.0,,16.1,26,17,17,3,12,5,1,9.37,73,7,0,0,0,0,4,2,0,77,291,0.65,0.12,0.12,0.3,0.28,0.1,1.776,0.375,6.6,4.0,676508
Luis Castillo,32,1,Maj-AL,Seattle,5,5,3.0,,,29.2,25,9,9,8,28,1,1,2.73,109,3,1,0,5,0,4,0,0,118,496,0.65,0.15,0.11,0.42,0.25,0.06,1.112,0.3,8.5,3.5,622491
Dylan Cease,29,1,Maj-NL,San Diego,5,5,1.0,3.0,,28.0,25,15,14,9,34,7,1,4.5,107,2,0,0,0,0,2,1,0,118,495,0.64,0.13,0.17,0.34,0.2,0.11,1.214,0.273,10.9,3.78,656302
Slade Cecconi,26,1,Maj-AL,Cleveland,5,5,3.0,1.0,,33.0,30,13,13,7,24,5,0,3.55,126,4,2,0,3,0,0,0,2,133,478,0.66,0.2,0.06,0.44,0.24,0.04,1.121,0.258,6.5,3.43,677944
Aaron Civale,30,6,Maj-AL,Chicago,5,5,,3.0,,25.2,27,20,17,11,13,5,0,5.96,106,8,0,0,0,0,0,1,0,117,441,0.6,0.18,0.06,0.35,0.22,0.09,1.481,0.25,4.6,1.18,650644
Patrick Corbin,35,1,Maj-AL,Texas,5,5,2.0,1.0,,27.2,33,12,12,6,27,3,0,3.9,113,5,0,0,1,0,2,0,0,119,458,0.63,0.18,0.12,0.34,0.36,0.03,1.41,0.361,8.8,4.5,571578
Danny Coulombe,35,0,Maj-AL,Minnesota,12,1,,,,8.2,9,1,1,3,7,0,0,1.04,34,1,0,0,0,0,1,1,1,37,135,0.7,0.13,0.19,0.52,0.33,0.0,1.385,0.333,7.3,2.33,543056
Garrett Crochet,26,7,Maj-AL,Boston,4,4,3.0,,,27.0,23,7,7,6,35,1,0,2.33,101,4,1,0,2,0,0,0,0,107,390,0.68,0.15,0.12,0.53,0.15,0.05,1.074,0.338,11.7,5.83,676979
Davis Daniel,28,6,Maj-NL,Atlanta,1,1,,,,4.0,2,1,1,3,5,0,0,2.25,14,0,0,0,0,0,4,0,0,17,73,0.56,0.1,0.1,0.33,0.22,0.11,1.25,0.222,11.3,1.67,669721
Yu Darvish,38,0,Maj-NL,San Diego,3,3,,2.0,,13.1,13,9,9,7,8,0,2,6.08,50,6,0,0,1,0,1,0,0,60,216,0.6,0.14,0.11,0.58,0.23,0.02,1.5,0.31,5.4,1.14,506433
Jacob deGrom,37,7,Maj-AL,Texas,5,5,3.0,,,30.0,20,9,9,7,33,4,0,2.7,108,2,0,0,0,1,1,1,0,116,450,0.66,0.16,0.12,0.39,0.25,0.09,0.9,0.222,9.9,4.71,594798
Anthony DeSclafani,35,8,Maj-NL,Arizona,4,1,,1.0,1.0,12.0,7,4,4,4,14,2,2,3.0,42,2,0,1,1,0,2,0,0,48,188,0.67,0.16,0.14,0.43,0.21,0.04,0.917,0.192,10.5,3.5,543101
Chris Devenski,34,0,Maj-NL,New York,7,1,,,,7.1,2,0,0,1,5,0,1,0.0,24,0,0,0,0,0,0,0,0,26,104,0.64,0.22,0.07,0.42,0.37,0.05,0.409,0.105,6.1,5.0,606965
Hunter Dobbins,25,8,Maj-AL,Boston,2,2,,,,5.2,6,6,5,6,3,0,0,7.94,22,0,0,0,2,0,0,0,0,28,102,0.55,0.21,0.03,0.68,0.16,0.05,2.118,0.316,4.8,0.5,690928
Chase Dollander,23,13,Maj-NL,Colorado,3,3,,2.0,,12.0,15,12,12,8,4,1,0,9.0,48,2,0,0,1,1,1,0,1,57,238,0.59,0.14,0.07,0.4,0.4,0.04,1.917,0.318,3.0,0.5,801403
Jack Dreyer,26,0,Maj-NL,Los Angeles,10,1,,,,12.2,7,4,4,5,11,1,0,2.84,42,3,0,2,0,0,1,1,1,49,180,0.67,0.12,0.12,0.42,0.18,0.21,0.947,0.2,7.8,2.2,676263
Zach Eflin,31,21,Maj-AL,Baltimore,2,2,,2.0,,4.0,15,10,10,2,4,4,0,22.5,26,1,0,0,0,1,0,1,0,29,118,0.59,0.14,0.11,0.43,0.17,0.04,4.25,0.579,9.0,2.0,621107
Brandon Eisert,27,0,Maj-AL,Chicago,9,1,,1.0,,9.2,9,6,5,2,6,2,0,4.66,35,1,0,0,0,2,2,0,0,40,157,0.64,0.1,0.13,0.41,0.19,0.13,1.138,0.241,5.6,3.0,685126
Bryce Elder,26,10,Maj-NL,Atlanta,4,4,1.0,3.0,,19.0,34,21,20,9,18,6,1,9.47,91,6,1,0,0,0,4,0,0,102,359,0.62,0.16,0.12,0.5,0.28,0.0,2.263,0.418,8.5,2.0,693821
Dietrich Enns,34,7,Maj-AL,Detroit,4,2,1.0,1.0,,13.1,15,8,7,4,10,2,0,4.73,53,2,0,0,1,0,3,1,1,57,224,0.69,0.16,0.13,0.49,0.28,0.05,1.425,0.317,6.8,2.5,608650
Nathan Eovaldi,35,6,Maj-AL,Texas,4,4,3.0,,,21.2,17,5,4,4,21,1,1,1.66,76,4,0,1,6,1,0,0,0,82,291,0.72,0.19,0.13,0.55,0.2,0.05,0.969,0.291,8.7,5.25,543135
Logan Evans,24,0,Maj-AL,Seattle,3,3,,1.0,,14.1,18,8,8,6,10,2,2,5.02,60,3,0,1,0,0,1,0,0,68,273,0.61,0.17,0.08,0.44,0.28,0.06,1.674,0.333,6.3,1.67,688138
Bailey Falter,28,1,Maj-NL,Pittsburgh,5,5,1.0,2.0,,21.1,25,15,14,9,11,7,0,5.91,86,6,0,0,3,0,2,1,1,95,346,0.64,0.15,0.09,0.29,0.28,0.07,1.594,0.265,4.6,1.22,663559
Erick Fedde,32,7,Maj-NL,St. Louis,4,4,,3.0,,14.2,26,20,20,10,3,6,0,12.27,66,5,0,1,2,0,5,0,0,77,277,0.58,0.13,0.05,0.39,0.23,0.06,2.455,0.351,1.8,0.3,607200
David Festa,25,10,Maj-AL,Minnesota,4,3,2.0,2.0,,21.2,22,14,14,6,19,3,1,5.82,84,1,0,0,1,1,3,1,0,92,330,0.68,0.14,0.14,0.44,0.15,0.14,1.292,0.302,7.9,3.17,701581
Richard Fitts,25,12,Maj-AL,Boston,3,3,1.0,,,12.2,11,6,5,3,13,2,1,3.55,47,1,0,0,1,0,0,1,0,52,212,0.68,0.12,0.15,0.57,0.23,0.06,1.105,0.281,9.2,4.33,690916
Jack Flaherty,29,6,Maj-AL,Detroit,5,5,,2.0,,24.2,27,18,18,12,34,5,1,6.57,97,4,0,0,1,0,2,1,0,110,447,0.65,0.15,0.14,0.32,0.32,0.11,1.581,0.379,12.4,2.83,656427
Chris Flexen,30,8,Maj-NL,Chicago,6,1,1.0,1.0,,15.1,12,6,6,5,6,3,0,3.52,57,0,0,0,0,1,0,0,0,63,248,0.63,0.14,0.08,0.31,0.27,0.12,1.109,0.184,3.5,1.2,623167
Kyle Freeland,32,1,Maj-NL,Colorado,4,4,1.0,2.0,,21.2,23,13,13,10,13,2,0,5.4,86,3,0,0,1,0,0,1,1,96,342,0.64,0.17,0.07,0.41,0.29,0.05,1.523,0.296,5.4,1.3,607536
Max Fried,31,7,Maj-AL,New York,5,5,2.0,1.0,,27.0,26,15,13,7,23,2,3,4.33,106,3,1,0,0,0,2,0,1,116,481,0.61,0.15,0.11,0.48,0.17,0.08,1.222,0.296,7.7,3.29,608331
Didier Fuentes,20,11,Maj-NL,Atlanta,4,4,,3.0,,13.0,23,20,20,6,12,6,2,13.85,60,2,0,0,1,1,0,1,0,69,293,0.61,0.15,0.1,0.27,0.35,0.06,2.231,0.395,8.3,2.0,800311
Zac Gallen,29,7,Maj-NL,Arizona,5,5,3.0,2.0,,28.1,36,21,19,5,29,6,1,6.04,116,10,0,0,2,1,2,1,0,123,470,0.66,0.21,0.1,0.4,0.27,0.01,1.447,0.366,9.2,5.8,668678
Kevin Gausman,34,7,Maj-AL,Toronto,4,4,1.0,1.0,,23.2,20,8,7,10,20,2,1,2.66,90,4,0,0,1,0,3,1,0,103,406,0.67,0.16,0.13,0.29,0.27,0.11,1.268,0.265,7.6,2.0,592332
Logan Gilbert,28,6,Maj-AL,Seattle,5,5,1.0,1.0,,25.2,28,16,13,8,34,5,1,4.56,103,4,0,0,0,0,2,2,0,113,451,0.67,0.16,0.14,0.36,0.24,0.07,1.403,0.359,11.9,4.25,669302
Lucas Giolito,30,1,Maj-AL,Boston,5,5,3.0,1.0,,32.0,23,10,7,8,29,3,0,1.97,114,4,0,0,2,1,2,1,0,125,486,0.67,0.16,0.11,0.3,0.26,0.11,0.969,0.241,8.2,3.63,608337
Sawyer Gipson-Long,27,22,Maj-AL,Detroit,2,1,,1.0,,11.2,10,7,7,2,8,4,0,5.4,45,3,0,0,0,0,1,0,0,47,145,0.68,0.14,0.11,0.51,0.08,0.05,1.029,0.182,6.2,4.0,687830
Tyler Glasnow,31,1,Maj-NL,Los Angeles,2,2,,1.0,,11.0,6,2,1,4,11,0,0,0.82,39,1,0,0,0,0,3,0,0,43,173,0.61,0.14,0.11,0.57,0.14,0.07,0.909,0.214,9.0,2.75,607192
Austin Gomber,31,6,Maj-NL,Colorado,5,5,,3.0,,23.2,37,20,18,6,10,6,0,6.85,105,9,2,0,2,0,2,1,0,112,417,0.66,0.16,0.06,0.35,0.17,0.07,1.817,0.348,3.8,1.67,596295
Colton Gordon,26,6,Maj-AL,Houston,4,3,1.0,1.0,,16.1,21,9,9,4,10,2,0,4.96,67,5,0,0,0,1,1,0,0,74,266,0.67,0.15,0.07,0.38,0.32,0.08,1.531,0.339,5.5,2.5,676467
MacKenzie Gore,26,10,Maj-NL,Washington,4,4,1.0,2.0,,23.0,20,10,9,12,19,1,0,3.52,87,5,0,0,0,0,0,2,0,99,403,0.6,0.13,0.12,0.41,0.19,0.06,1.391,0.284,7.4,1.58,669022
Sonny Gray,35,0,Maj-NL,St. Louis,6,6,2.0,2.0,,31.2,30,17,16,4,38,2,1,4.55,121,5,3,0,3,0,2,0,0,127,418,0.68,0.21,0.12,0.48,0.27,0.06,1.074,0.346,10.8,9.5,543243
Ryan Gusto,26,0,Maj-AL,Houston,5,2,2.0,,,21.1,22,12,12,3,17,4,0,5.06,84,4,0,0,2,0,1,0,0,87,308,0.67,0.18,0.1,0.25,0.25,0.1,1.172,0.286,7.2,5.67,687473
Justin Hagenman,28,9,Maj-NL,New York,2,1,,1.0,,6.1,9,7,6,1,8,3,0,8.53,29,1,0,0,0,0,1,0,0,30,114,0.65,0.18,0.14,0.33,0.24,0.05,1.579,0.333,11.4,8.0,663795
DL Hall,26,8,Maj-NL,Milwaukee,6,1,,,,9.1,4,3,3,4,5,0,0,2.89,32,0,1,0,0,0,0,0,0,36,126,0.59,0.18,0.1,0.37,0.33,0.0,0.857,0.148,4.8,1.25,669084
Ian Hamilton,30,1,Maj-AL,New York,11,1,,1.0,,12.2,10,5,5,5,12,2,0,3.55,44,3,0,0,3,1,0,0,0,50,191,0.63,0.15,0.1,0.3,0.21,0.12,1.184,0.258,8.5,2.4,641656
Emerson Hancock,26,18,Maj-AL,Seattle,3,3,,3.0,,15.0,16,16,16,9,8,5,3,9.6,61,6,0,0,0,0,0,0,1,73,280,0.65,0.17,0.08,0.42,0.25,0.04,1.667,0.229,4.8,0.89,676106
Andrew Heaney,34,7,Maj-NL,Pittsburgh,4,3,1.0,2.0,,15.2,19,14,14,6,12,7,1,8.04,63,1,0,0,2,0,0,1,0,70,290,0.62,0.19,0.06,0.33,0.29,0.08,1.596,0.273,6.9,2.0,571760
Kyle Hendricks,35,10,Maj-AL,Los Angeles,4,4,,,,19.0,23,14,11,2,12,4,0,5.21,80,4,0,0,0,1,5,0,0,84,303,0.71,0.2,0.07,0.36,0.3,0.11,1.316,0.292,5.7,6.0,543294
Clay Holmes,32,0,Maj-NL,New York,5,5,1.0,1.0,,25.2,24,15,14,12,13,2,3,4.91,95,4,0,0,4,0,1,2,1,110,446,0.63,0.18,0.09,0.62,0.2,0.05,1.403,0.275,4.6,1.08,605280
Grant Holmes,29,8,Maj-NL,Atlanta,5,5,1.0,2.0,,25.1,27,9,9,16,27,1,2,3.2,96,4,0,0,4,1,1,0,0,116,481,0.61,0.13,0.15,0.37,0.27,0.07,1.697,0.377,9.6,1.69,656550
Tyler Holton,29,1,Maj-AL,Detroit,10,1,2.0,,,14.2,7,2,2,0,12,2,0,1.23,49,1,0,0,1,0,0,0,0,50,180,0.73,0.24,0.11,0.47,0.16,0.08,0.477,0.143,7.4,,663947
Cade Horton,23,10,Maj-NL,Chicago,4,4,,2.0,,20.1,26,17,14,10,14,3,3,6.2,78,6,0,0,1,2,1,3,2,93,354,0.65,0.16,0.12,0.5,0.18,0.03,1.77,0.365,6.2,1.4,690990
Adrian Houser,32,0,Maj-AL,Chicago,5,5,3.0,,,32.2,32,9,6,9,22,0,0,1.65,122,6,2,0,4,0,1,0,3,131,448,0.69,0.19,0.08,0.51,0.28,0.05,1.255,0.32,6.1,2.44,605288
Brant Hurter,26,0,Maj-AL,Detroit,8,1,,1.0,,7.1,10,11,6,9,13,1,3,7.36,34,1,0,0,0,0,2,0,0,46,196,0.54,0.16,0.12,0.43,0.29,0.14,2.591,0.45,16.0,1.44,676428
Shota Imanaga,31,0,Maj-NL,Chicago,5,5,4.0,1.0,,30.1,17,6,6,3,19,4,1,1.78,105,3,0,0,1,1,1,1,0,110,428,0.66,0.13,0.11,0.31,0.13,0.11,0.659,0.157,5.6,6.33,684007
Jake Irvin,28,6,Maj-NL,Washington,5,5,2.0,2.0,,26.2,28,21,17,12,24,8,2,5.74,105,5,0,0,3,0,1,1,0,119,481,0.63,0.16,0.07,0.52,0.14,0.05,1.5,0.274,8.1,2.0,663623
Janson Junk,29,7,Maj-NL,Miami,5,5,3.0,1.0,,27.2,25,9,8,2,18,1,1,2.6,102,5,1,0,2,2,4,0,1,108,402,0.7,0.16,0.07,0.43,0.22,0.08,0.976,0.282,5.9,9.0,676083
Mitch Keller,29,6,Maj-NL,Pittsburgh,5,5,2.0,1.0,,30.2,21,8,6,5,24,3,1,1.76,112,6,0,0,0,1,1,0,0,120,466,0.65,0.15,0.07,0.42,0.22,0.08,0.848,0.209,7.0,4.8,656605
Merrill Kelly,36,6,Maj-NL,Arizona,5,5,2.0,2.0,,29.0,22,13,10,11,27,4,0,3.1,105,6,1,0,4,0,2,1,1,116,449,0.62,0.15,0.11,0.36,0.22,0.09,1.138,0.243,8.4,2.45,518876
Clayton Kershaw,37,11,Maj-NL,Los Angeles,4,4,2.0,1.0,,23.0,22,9,9,5,15,4,1,3.52,85,2,1,0,3,0,0,1,0,92,332,0.63,0.18,0.1,0.52,0.23,0.06,1.174,0.273,5.9,3.0,477132
Yusei Kikuchi,34,0,Maj-AL,Los Angeles,6,6,2.0,,,35.1,32,15,13,9,45,5,0,3.31,136,4,0,0,1,0,1,1,0,145,589,0.67,0.14,0.15,0.42,0.25,0.05,1.16,0.314,11.5,5.0,579328
George Kirby,27,7,Maj-AL,Seattle,5,5,3.0,1.0,,28.1,22,10,10,5,26,3,1,3.18,105,3,0,0,0,1,0,1,0,112,452,0.68,0.17,0.12,0.43,0.2,0.08,0.953,0.247,8.3,5.2,669923
Jack Kochanowicz,24,9,Maj-AL,Los Angeles,4,4,,1.0,,17.0,25,17,17,9,7,1,1,9.0,70,4,0,0,2,1,1,2,0,81,299,0.6,0.13,0.1,0.61,0.19,0.05,2.0,0.381,3.7,0.78,686799
Stephen Kolek,28,14,Maj-NL,San Diego,3,3,,2.0,,15.1,17,12,11,3,12,2,1,6.46,60,2,0,0,2,1,1,1,0,65,234,0.63,0.19,0.07,0.45,0.27,0.04,1.304,0.319,7.0,4.0,663568
Dean Kremer,29,0,Maj-AL,Baltimore,5,5,2.0,,,31.0,22,7,7,7,29,2,0,2.03,111,7,0,0,1,0,1,1,0,119,462,0.66,0.15,0.11,0.37,0.24,0.04,0.935,0.25,8.4,4.14,665152
Jacob Latz,29,9,Maj-AL,Texas,5,1,,,1.0,17.2,11,5,5,8,18,0,0,2.55,62,2,0,1,1,0,1,0,0,70,280,0.64,0.14,0.15,0.45,0.27,0.05,1.075,0.25,9.2,2.25,656641
Eric Lauer,30,0,Maj-AL,Toronto,5,5,2.0,1.0,,25.2,21,10,10,5,29,3,0,3.51,95,7,0,0,2,1,1,0,0,102,414,0.68,0.17,0.09,0.31,0.25,0.06,1.013,0.281,10.2,5.8,641778
Jordan Leasure,26,0,Maj-AL,Chicago,8,1,1.0,1.0,1.0,8.0,7,4,4,8,9,2,0,4.5,30,3,0,0,2,0,1,0,0,38,161,0.59,0.12,0.11,0.38,0.29,0.19,1.875,0.263,10.1,1.13,673929
Jack Leiter,25,8,Maj-AL,Texas,4,4,1.0,2.0,,19.0,22,9,9,8,20,1,0,4.26,78,2,0,0,0,1,1,0,0,87,349,0.65,0.12,0.13,0.31,0.32,0.14,1.579,0.362,9.5,2.5,683004
Matthew Liberatore,25,8,Maj-NL,St. Louis,4,4,2.0,1.0,,21.0,22,10,10,11,14,3,0,4.29,80,6,0,0,1,1,2,1,1,93,348,0.59,0.16,0.09,0.38,0.26,0.09,1.571,0.297,6.0,1.27,669461
Zack Littell,29,0,Maj-AL,Tampa Bay,5,5,2.0,,,29.2,24,8,8,6,22,2,1,2.43,107,6,0,0,2,1,2,1,0,115,422,0.67,0.16,0.11,0.42,0.27,0.05,1.011,0.262,6.7,3.67,641793
Nick Lodolo,27,1,Maj-NL,Cincinnati,5,5,2.0,1.0,,28.2,24,7,7,5,30,5,1,2.2,110,5,0,0,0,0,3,0,0,117,462,0.65,0.17,0.12,0.35,0.25,0.14,1.012,0.253,9.4,6.0,666157
Jacob Lopez,27,7,Maj-AL,Athletics,4,4,2.0,1.0,,19.2,17,10,9,5,20,3,2,4.12,75,4,1,0,1,0,0,1,1,82,328,0.63,0.18,0.12,0.33,0.29,0.11,1.119,0.269,9.2,4.0,682052
Michael Lorenzen,33,13,Maj-AL,Kansas City,4,4,1.0,1.0,,22.2,21,9,9,4,20,3,0,3.57,86,6,2,0,0,0,2,1,2,90,341,0.65,0.16,0.11,0.36,0.35,0.12,1.103,0.286,7.9,5.0,547179
Seth Lugo,35,1,Maj-AL,Kansas City,5,5,2.0,,,30.1,24,9,9,8,32,5,0,2.67,114,7,0,0,0,0,2,1,0,122,463,0.63,0.19,0.1,0.35,0.27,0.05,1.055,0.247,9.5,4.0,607625
Jes\xc3\xbas Luzardo,27,1,Maj-NL,Philadelphia,5,5,2.0,2.0,,25.1,26,12,11,10,32,2,0,3.91,98,5,0,0,3,0,0,0,0,108,462,0.63,0.16,0.14,0.44,0.24,0.02,1.421,0.375,11.4,3.2,666200
Sean Manaea,33,1,Maj-NL,New York,2,1,,1.0,,7.1,6,2,2,2,13,1,1,2.45,28,0,0,0,0,0,1,0,0,31,134,0.64,0.19,0.14,0.4,0.2,0.2,1.091,0.357,16.0,6.5,640455
Germ\xc3\xa1n M\xc3\xa1rquez,30,8,Maj-NL,Colorado,4,4,,2.0,,21.2,25,15,9,7,21,5,0,3.74,90,6,2,1,2,0,2,1,1,97,355,0.63,0.18,0.08,0.23,0.32,0.09,1.477,0.313,8.7,3.0,608566
Nick Martinez,34,0,Maj-NL,Cincinnati,7,5,4.0,1.0,,33.0,28,19,19,8,19,2,0,5.18,121,7,0,0,0,3,2,1,0,133,490,0.66,0.18,0.08,0.45,0.24,0.01,1.091,0.252,5.2,2.38,607259
Zebby Matthews,25,0,Maj-AL,Minnesota,1,1,,1.0,,4.0,8,5,5,1,6,1,0,11.25,20,1,0,0,0,0,1,0,0,21,77,0.66,0.13,0.21,0.43,0.07,0.0,2.25,0.538,13.5,6.0,805673
Dustin May,27,8,Maj-NL,Los Angeles,4,4,1.0,2.0,,21.2,20,16,16,10,21,7,0,6.65,82,5,1,1,0,0,2,1,0,93,339,0.61,0.19,0.07,0.31,0.31,0.1,1.385,0.241,8.7,2.1,669160
Lance McCullers Jr.,31,0,Maj-AL,Houston,4,4,1.0,2.0,,15.0,22,18,18,13,11,5,2,10.8,64,2,1,0,1,0,3,0,0,79,324,0.55,0.18,0.07,0.43,0.19,0.09,2.333,0.354,6.6,0.85,621121
Michael McGreevy,24,25,Maj-NL,St. Louis,1,1,,,,4.2,7,5,5,1,1,1,0,9.64,20,0,0,0,1,0,0,0,0,21,77,0.64,0.21,0.06,0.32,0.42,0.05,1.714,0.333,1.9,1.0,700241
Miles Mikolas,36,9,Maj-NL,St. Louis,4,4,1.0,2.0,,20.2,23,17,16,3,21,9,0,6.97,84,6,1,0,0,1,2,0,0,88,345,0.66,0.19,0.11,0.31,0.25,0.05,1.258,0.255,9.1,7.0,571945
Jacob Misiorowski,23,11,Maj-NL,Milwaukee,4,4,3.0,1.0,,20.2,12,8,8,7,28,4,0,3.48,73,1,0,0,1,0,1,0,0,80,323,0.68,0.15,0.13,0.38,0.27,0.02,0.919,0.195,12.2,4.0,694819
Casey Mize,28,7,Maj-AL,Detroit,4,4,2.0,1.0,,21.2,21,9,9,4,18,3,1,3.74,83,5,0,1,1,1,5,2,0,89,344,0.67,0.13,0.09,0.41,0.23,0.05,1.154,0.286,7.5,4.5,663554
Frankie Montas,32,7,Maj-NL,New York,4,4,2.0,1.0,,19.2,19,11,11,4,17,4,0,5.03,76,6,0,0,2,1,1,0,0,81,326,0.67,0.16,0.12,0.38,0.28,0.07,1.169,0.268,7.8,4.25,593423
Keider Montero,24,0,Maj-AL,Detroit,3,2,1.0,1.0,,13.1,13,8,8,5,11,2,0,5.4,51,2,0,0,1,0,1,0,0,56,206,0.65,0.21,0.03,0.4,0.3,0.0,1.35,0.289,7.4,2.2,672456
David Morgan,25,0,Maj-NL,San Diego,8,1,1.0,,,10.0,9,2,2,1,7,0,1,1.8,37,2,0,0,2,0,2,0,0,39,155,0.66,0.13,0.1,0.33,0.33,0.1,1.0,0.3,6.3,7.0,688158
Charlie Morton,41,1,Maj-AL,Baltimore,4,4,1.0,1.0,,21.2,22,13,13,9,18,3,3,5.4,87,6,0,1,0,1,2,0,1,100,387,0.66,0.16,0.11,0.43,0.21,0.06,1.431,0.284,7.5,2.0,450203
Ryne Nelson,27,0,Maj-NL,Arizona,5,5,2.0,,,28.2,21,9,9,8,24,4,0,2.83,103,5,0,0,2,1,0,0,1,112,433,0.67,0.15,0.09,0.35,0.24,0.09,1.012,0.224,7.5,3.0,669194
Bailey Ober,29,21,Maj-AL,Minnesota,2,2,,2.0,,12.2,18,14,14,1,12,7,1,9.95,52,1,0,0,0,3,0,0,0,58,198,0.71,0.16,0.09,0.3,0.14,0.16,1.5,0.306,8.5,12.0,641927
Shinnosuke Ogasawara,27,7,Maj-NL,Washington,2,2,,1.0,,6.2,11,7,7,1,4,1,2,9.45,29,3,0,0,1,0,1,2,1,32,111,0.62,0.23,0.1,0.48,0.32,0.0,1.8,0.417,5.4,4.0,829272
Shohei Ohtani,30,7,Maj-NL,Los Angeles,4,4,,,,8.0,3,0,0,2,10,0,0,0.0,26,0,0,0,2,0,0,0,0,28,112,0.7,0.17,0.14,0.31,0.19,0.25,0.625,0.188,11.3,5.0,660271
Reese Olson,25,1,Maj-AL,Detroit,3,3,,,,14.1,14,3,3,4,10,1,0,1.88,54,3,0,0,2,0,1,1,0,58,263,0.62,0.15,0.11,0.32,0.3,0.02,1.256,0.302,6.3,2.5,681857
Luis Ortiz,26,22,Maj-AL,Cleveland,2,2,1.0,1.0,,13.0,8,4,4,3,15,2,0,2.77,48,2,0,0,1,0,0,0,1,51,194,0.69,0.23,0.1,0.45,0.18,0.03,0.846,0.194,10.4,5.0,682847
Chris Paddack,29,1,Maj-AL,Minnesota,5,5,,3.0,,24.2,35,21,20,4,19,5,2,7.3,106,8,2,0,1,2,2,0,0,115,453,0.64,0.1,0.09,0.3,0.32,0.1,1.581,0.357,6.9,4.75,663978
Andre Pallante,26,1,Maj-NL,St. Louis,5,5,1.0,3.0,,28.2,28,15,14,8,13,3,0,4.4,111,4,1,0,1,0,0,0,1,119,464,0.61,0.16,0.09,0.56,0.21,0.03,1.256,0.263,4.1,1.63,669467
Carson Palmquist,24,28,Maj-NL,Colorado,1,1,,,,4.0,4,3,3,2,4,1,0,6.75,15,2,0,0,0,1,1,0,0,18,62,0.63,0.15,0.06,0.25,0.25,0.08,1.5,0.273,9.0,2.0,687223
Mitchell Parker,25,0,Maj-NL,Washington,5,5,2.0,2.0,,27.2,35,24,19,10,12,4,0,6.18,119,12,1,0,1,0,0,0,0,129,434,0.68,0.18,0.08,0.35,0.28,0.07,1.627,0.301,3.9,1.2,680730
Chad Patrick,26,14,Maj-NL,Milwaukee,3,3,,,,15.0,17,6,6,4,19,2,0,3.6,59,5,0,0,1,0,1,0,0,63,270,0.63,0.15,0.11,0.4,0.3,0.05,1.4,0.395,11.4,4.75,694477
Ryan Pepiot,27,6,Maj-AL,Tampa Bay,5,5,2.0,1.0,,24.2,22,12,12,11,26,4,4,4.38,92,6,0,0,2,0,4,0,2,108,425,0.64,0.15,0.11,0.45,0.25,0.07,1.338,0.29,9.5,2.36,686752
Freddy Peralta,29,0,Maj-NL,Milwaukee,5,5,5.0,,,28.2,22,10,10,6,32,2,2,3.14,107,5,0,0,1,1,1,0,0,116,488,0.61,0.16,0.11,0.39,0.24,0.09,0.977,0.27,10.0,5.33,642547
Eury P\xc3\xa9rez,22,6,Maj-NL,Miami,5,5,3.0,1.0,,27.0,12,7,7,6,30,2,1,2.33,90,5,0,0,1,1,3,2,0,98,434,0.65,0.15,0.15,0.3,0.16,0.15,0.667,0.169,10.0,5.0,691587
David Peterson,29,9,Maj-NL,New York,4,4,1.0,2.0,,22.1,23,13,12,9,19,3,1,4.84,86,5,0,0,2,0,1,0,2,96,356,0.63,0.19,0.08,0.51,0.25,0.01,1.433,0.313,7.7,2.11,656849
Brandon Pfaadt,26,1,Maj-NL,Arizona,5,5,2.0,2.0,,31.0,25,13,12,4,32,2,1,3.48,116,7,0,0,1,1,4,0,0,123,454,0.67,0.16,0.11,0.43,0.2,0.07,0.935,0.277,9.3,8.0,694297
Nick Pivetta,32,6,Maj-NL,San Diego,5,5,2.0,,,30.0,21,6,5,7,34,3,0,1.5,108,3,0,1,1,0,2,2,2,116,472,0.67,0.18,0.11,0.34,0.28,0.04,0.933,0.254,10.2,4.86,601713
Drew Pomeranz,36,1,Maj-NL,Chicago,9,1,,,,6.2,8,2,2,3,8,0,1,2.7,28,0,0,0,0,0,0,0,0,32,131,0.69,0.14,0.11,0.35,0.35,0.1,1.65,0.4,10.8,2.67,519141
Quinn Priester,24,1,Maj-NL,Milwaukee,5,4,3.0,,,27.0,24,10,9,6,34,5,0,3.0,106,4,1,0,0,0,1,0,0,112,417,0.65,0.2,0.11,0.56,0.18,0.07,1.111,0.284,11.3,5.67,682990
Cal Quantrill,30,0,Maj-NL,Miami,5,5,,1.0,,24.1,22,12,11,5,22,3,1,4.07,93,2,2,0,1,0,4,0,2,99,393,0.63,0.18,0.09,0.41,0.23,0.1,1.11,0.279,8.1,4.4,615698
Jose Quintana,36,10,Maj-NL,Milwaukee,4,4,2.0,1.0,,23.0,18,8,8,10,13,1,0,3.13,85,4,0,0,2,0,1,0,0,95,370,0.61,0.21,0.06,0.43,0.28,0.04,1.217,0.239,5.1,1.3,500779
Drew Rasmussen,29,8,Maj-AL,Tampa Bay,4,4,1.0,,,12.0,13,6,6,4,10,2,0,4.5,46,2,0,0,1,0,0,2,0,50,201,0.64,0.16,0.09,0.5,0.28,0.08,1.417,0.324,7.5,2.5,656876
Robbie Ray,33,6,Maj-NL,San Francisco,5,5,1.0,1.0,,31.2,22,10,9,9,31,6,1,2.56,115,5,0,0,1,0,3,1,0,125,482,0.65,0.15,0.11,0.38,0.2,0.05,0.979,0.205,8.8,3.44,592662
Colin Rea,34,1,Maj-NL,Chicago,5,5,4.0,1.0,,29.0,25,12,12,9,18,7,1,3.72,108,3,0,0,1,0,0,1,2,118,441,0.62,0.14,0.09,0.33,0.27,0.09,1.172,0.217,5.6,2.0,607067
Kumar Rocker,25,0,Maj-AL,Texas,5,5,2.0,,,27.1,20,12,12,10,21,5,2,3.95,97,2,1,0,2,2,3,0,0,112,433,0.66,0.16,0.11,0.53,0.16,0.03,1.098,0.205,6.9,2.1,677958
Carlos Rod\xc3\xb3n,32,8,Maj-AL,New York,4,4,1.0,1.0,,24.0,18,9,8,8,21,2,1,3.0,88,4,0,0,2,0,3,0,0,98,390,0.6,0.19,0.11,0.37,0.34,0.04,1.083,0.246,7.9,2.63,607074
Eduardo Rodr\xc3\xadguez,32,9,Maj-NL,Arizona,4,4,1.0,2.0,,19.2,29,14,13,7,26,5,1,5.95,87,4,1,1,1,0,1,0,0,96,385,0.63,0.15,0.11,0.4,0.26,0.08,1.831,0.429,11.9,3.71,593958
Trevor Rogers,27,7,Maj-AL,Baltimore,4,4,2.0,1.0,,26.2,12,3,3,7,23,1,0,1.01,90,1,0,0,2,0,0,1,0,97,379,0.66,0.15,0.13,0.48,0.19,0.1,0.713,0.167,7.8,3.29,669432
Landen Roupp,26,7,Maj-NL,San Francisco,5,5,2.0,1.0,,26.1,26,6,4,12,26,1,1,1.37,101,3,0,0,3,0,0,0,0,115,469,0.65,0.2,0.09,0.51,0.26,0.05,1.443,0.338,8.9,2.17,694738
Joe Ryan,29,8,Maj-AL,Minnesota,5,5,2.0,2.0,,29.1,22,7,7,6,32,2,1,2.15,105,3,0,0,1,1,3,4,0,113,465,0.66,0.17,0.12,0.36,0.27,0.08,0.955,0.278,9.8,5.33,657746
Cristopher S\xc3\xa1nchez,28,6,Maj-NL,Philadelphia,4,4,2.0,,,27.1,23,4,4,4,30,0,1,1.32,100,3,0,0,2,0,5,1,0,107,375,0.69,0.2,0.14,0.67,0.19,0.01,0.988,0.329,9.9,7.5,650911
Cole Sands,27,1,Maj-AL,Minnesota,8,2,,,,8.2,13,7,5,2,6,0,0,5.19,38,6,0,0,1,1,0,0,0,41,151,0.64,0.19,0.07,0.36,0.24,0.06,1.731,0.394,6.2,3.0,663485
Max Scherzer,40,8,Maj-AL,Toronto,4,4,1.0,,,20.0,19,10,10,7,23,3,1,4.5,74,3,0,0,1,1,3,2,0,83,317,0.66,0.17,0.11,0.31,0.31,0.08,1.3,0.327,10.4,3.29,453286
Cam Schlittler,24,10,Maj-AL,New York,1,1,1.0,,,5.1,4,3,3,2,7,2,0,5.06,19,1,0,0,1,0,0,0,0,21,75,0.69,0.2,0.08,0.25,0.25,0.08,1.125,0.2,11.8,3.5,693645
Clarke Schmidt,29,16,Maj-AL,New York,3,3,1.0,1.0,,16.0,8,7,7,6,13,3,1,3.94,56,3,0,0,0,0,2,0,0,63,243,0.64,0.18,0.08,0.3,0.19,0.09,0.875,0.125,7.3,2.17,657376
Spencer Schwellenbach,25,21,Maj-NL,Atlanta,2,2,2.0,,,14.0,7,3,3,2,16,1,0,1.93,48,1,0,0,1,0,1,0,0,50,179,0.68,0.2,0.13,0.41,0.31,0.16,0.643,0.194,10.3,8.0,680885
JP Sears,29,1,Maj-AL,Athletics,5,5,2.0,2.0,,25.2,22,13,12,9,26,3,0,4.21,95,8,1,0,2,1,1,1,0,106,434,0.61,0.17,0.1,0.24,0.27,0.13,1.208,0.284,9.1,2.89,676664
Kodai Senga,32,8,Maj-NL,New York,1,1,,,,4.0,4,0,0,2,4,0,0,0.0,16,1,0,0,0,0,0,0,0,18,67,0.63,0.18,0.13,0.67,0.25,0.0,1.5,0.333,9.0,2.0,673540
Antonio Senzatela,30,0,Maj-NL,Colorado,5,5,2.0,3.0,,27.1,33,17,17,7,17,4,3,5.6,107,9,1,0,5,2,0,0,0,121,418,0.61,0.16,0.09,0.41,0.33,0.03,1.463,0.33,5.6,2.43,622608
Luis Severino,31,0,Maj-AL,Athletics,5,5,1.0,4.0,,22.2,27,26,20,10,18,6,6,7.94,94,5,0,0,1,1,3,1,0,111,468,0.6,0.14,0.06,0.38,0.3,0.09,1.632,0.296,7.1,1.8,622663
Emmet Sheehan,25,0,Maj-NL,Los Angeles,3,2,1.0,1.0,,12.1,14,7,7,5,10,1,0,5.11,47,3,1,0,0,2,0,2,1,54,200,0.63,0.13,0.13,0.28,0.31,0.1,1.541,0.342,7.3,2.0,686218
Brady Singer,28,7,Maj-NL,Cincinnati,5,5,,3.0,,25.1,27,12,12,8,32,2,3,4.26,99,10,1,0,3,2,2,0,0,112,450,0.65,0.18,0.1,0.39,0.26,0.06,1.382,0.373,11.4,4.0,663903
Paul Skenes,23,8,Maj-NL,Pittsburgh,4,4,,2.0,,19.0,19,6,6,3,25,1,2,2.84,74,3,0,0,0,0,0,0,0,79,322,0.66,0.18,0.15,0.35,0.29,0.1,1.158,0.375,11.8,8.33,694973
Tarik Skubal,28,8,Maj-AL,Detroit,4,4,2.0,1.0,,25.0,14,8,8,4,36,3,1,2.88,88,1,1,0,1,0,0,0,0,93,370,0.68,0.16,0.17,0.4,0.27,0.08,0.72,0.224,13.0,9.0,669373
Shane Smith,25,8,Maj-AL,Chicago,4,4,,3.0,,14.0,17,18,18,7,15,5,2,11.57,58,2,1,0,1,0,0,0,0,67,278,0.65,0.16,0.09,0.3,0.4,0.05,1.714,0.316,9.6,2.14,681343
Jos\xc3\xa9 Soriano,26,6,Maj-AL,Los Angeles,5,5,2.0,2.0,,26.2,23,19,15,15,28,1,1,5.06,101,7,0,0,2,0,2,0,0,118,452,0.64,0.17,0.13,0.68,0.18,0.01,1.425,0.306,9.5,1.87,667755
Michael Soroka,27,1,Maj-NL,Washington,5,5,,2.0,,24.1,20,14,14,9,28,0,3,5.18,89,5,0,0,2,1,3,1,0,102,440,0.61,0.15,0.1,0.39,0.21,0.16,1.192,0.323,10.4,3.11,647336
Mitch Spence,27,10,Maj-AL,Athletics,4,4,,4.0,,20.2,27,19,18,6,16,9,0,7.84,88,5,0,1,1,0,0,0,0,95,330,0.68,0.16,0.1,0.39,0.25,0.08,1.597,0.286,7.0,2.67,687765
Jeffrey Springs,32,6,Maj-AL,Athletics,5,5,3.0,1.0,,30.1,20,10,8,7,20,7,0,2.37,109,5,0,0,1,0,2,1,2,116,473,0.64,0.18,0.08,0.29,0.21,0.12,0.89,0.159,5.9,2.86,605488
Spencer Strider,26,1,Maj-NL,Atlanta,5,5,2.0,2.0,,30.2,22,11,11,14,37,3,0,3.23,107,5,0,0,2,2,3,1,0,124,483,0.61,0.12,0.16,0.49,0.21,0.04,1.174,0.275,10.9,2.64,675911
Marcus Stroman,34,9,Maj-AL,New York,3,3,1.0,,,15.0,16,6,6,5,8,2,1,3.6,59,3,0,0,2,0,0,0,0,65,245,0.63,0.14,0.07,0.59,0.14,0.04,1.4,0.286,4.8,1.6,573186
Ranger Su\xc3\xa1rez,29,8,Maj-NL,Philadelphia,4,4,1.0,2.0,,26.1,20,6,6,8,26,3,0,2.05,95,2,0,0,2,0,1,0,0,103,373,0.67,0.17,0.12,0.42,0.23,0.1,1.063,0.258,8.9,3.25,624133
Tomoyuki Sugano,35,9,Maj-AL,Baltimore,4,4,2.0,1.0,,19.1,30,19,19,8,13,6,0,8.84,85,2,0,2,0,2,3,1,0,95,353,0.63,0.14,0.1,0.36,0.26,0.05,1.966,0.353,6.1,1.63,608372
Brent Suter,35,12,Maj-NL,Cincinnati,7,1,,,,11.2,8,6,5,2,11,3,0,3.86,43,1,0,0,1,0,0,0,0,45,185,0.64,0.15,0.14,0.5,0.19,0.06,0.857,0.172,8.5,5.5,608718
Jameson Taillon,33,20,Maj-NL,Chicago,2,2,,2.0,,8.2,13,10,10,3,7,4,0,10.38,39,2,0,0,0,1,1,0,0,43,188,0.68,0.18,0.08,0.24,0.21,0.09,1.846,0.31,7.3,2.33,592791
Grant Taylor,23,6,Maj-AL,Chicago,9,1,,1.0,3.0,12.1,10,6,6,3,14,0,0,4.38,44,2,0,0,2,1,0,0,0,48,194,0.65,0.15,0.13,0.61,0.13,0.13,1.054,0.323,10.2,4.67,691799
Blade Tidwell,24,17,Maj-NL,New York,3,1,1.0,,,11.1,14,9,9,7,8,3,0,7.15,48,2,0,0,1,0,2,0,0,55,227,0.63,0.19,0.07,0.4,0.23,0.1,1.853,0.297,6.4,1.14,694918
Lou Trivino,33,0,Maj-NL,Los Angeles,12,1,1.0,,,11.0,15,6,5,3,5,2,0,4.09,46,1,1,0,0,1,0,0,1,50,201,0.64,0.15,0.1,0.31,0.21,0.17,1.636,0.325,4.1,1.67,642152
Spencer Turnbull,32,29,Maj-AL,Toronto,1,1,,1.0,,2.0,5,4,4,2,2,1,0,18.0,10,0,1,0,0,0,0,0,0,12,45,0.53,0.09,0.13,0.5,0.0,0.0,3.5,0.571,9.0,1.0,605513
Framber Valdez,31,7,Maj-AL,Houston,4,4,2.0,,,25.0,20,5,4,8,26,2,1,1.44,97,5,0,0,2,0,6,0,0,106,380,0.65,0.18,0.09,0.65,0.18,0.03,1.12,0.261,9.4,3.25,664285
Randy V\xc3\xa1squez,26,9,Maj-NL,San Diego,4,4,,,,21.2,22,10,10,11,7,1,0,4.15,84,5,0,1,1,2,3,0,1,97,362,0.64,0.16,0.04,0.32,0.25,0.22,1.523,0.269,2.9,0.64,681190
Justin Verlander,42,1,Maj-NL,San Francisco,5,5,,4.0,,22.2,33,18,16,6,20,1,3,6.35,96,11,0,0,2,3,4,0,0,108,396,0.67,0.16,0.11,0.33,0.28,0.05,1.721,0.41,7.9,3.33,434378
Michael Wacha,33,0,Maj-AL,Kansas City,5,5,,3.0,,26.0,26,14,14,11,20,2,1,4.85,97,0,1,0,3,1,0,0,0,112,446,0.65,0.13,0.15,0.4,0.33,0.09,1.423,0.316,6.9,1.82,608379
Brandon Waddell,31,1,Maj-NL,New York,6,1,,,,16.1,16,8,8,7,11,3,1,4.41,65,8,0,0,1,0,0,0,0,73,285,0.57,0.15,0.09,0.39,0.22,0.04,1.408,0.255,6.1,1.57,663399
Matt Waldron,28,19,Maj-NL,San Diego,1,1,,1.0,,4.2,6,4,4,6,3,1,0,7.71,19,0,0,0,0,0,2,0,0,25,104,0.55,0.15,0.06,0.5,0.25,0.0,2.571,0.333,5.8,0.5,663362
Taijuan Walker,32,0,Maj-NL,Philadelphia,6,2,1.0,,,14.0,16,7,7,6,10,5,0,4.5,55,1,0,0,3,0,0,0,0,61,241,0.65,0.2,0.06,0.42,0.2,0.07,1.571,0.275,6.4,1.67,592836
Brandon Walter,28,1,Maj-AL,Houston,5,5,1.0,3.0,,29.0,27,16,16,2,28,7,2,4.97,112,5,1,0,0,0,1,1,1,117,465,0.66,0.16,0.11,0.45,0.19,0.06,1.0,0.26,8.7,14.0,687888
Will Warren,26,0,Maj-AL,New York,6,6,2.0,1.0,,30.0,33,17,17,18,27,5,1,5.1,119,6,0,0,3,0,0,0,1,138,536,0.61,0.17,0.09,0.48,0.26,0.03,1.7,0.322,8.1,1.5,701542
Logan Webb,28,0,Maj-NL,San Francisco,5,5,2.0,2.0,,30.1,37,17,17,9,26,3,2,5.04,120,14,0,0,3,0,1,0,0,134,485,0.66,0.17,0.09,0.47,0.29,0.03,1.516,0.374,7.7,2.89,657277
Joey Wentz,27,0,"Maj-AL,Maj-NL","Atlanta,Minnesota",6,1,,,,13.0,17,12,12,7,14,2,0,8.31,53,3,0,1,2,1,0,0,0,61,256,0.63,0.15,0.13,0.43,0.18,0.1,1.846,0.395,9.7,2.0,666214
Zack Wheeler,35,7,Maj-NL,Philadelphia,5,5,2.0,1.0,,34.0,20,6,5,7,44,3,2,1.32,120,5,0,0,2,0,0,0,0,129,518,0.64,0.15,0.15,0.39,0.28,0.08,0.794,0.233,11.6,6.29,554430
Gavin Williams,25,8,Maj-AL,Cleveland,4,4,,1.0,,22.0,17,11,10,15,17,4,0,4.09,79,3,0,0,0,1,0,1,2,95,380,0.59,0.14,0.11,0.35,0.22,0.08,1.455,0.22,7.0,1.13,668909
Trevor Williams,33,17,Maj-NL,Washington,2,2,,2.0,,8.0,16,11,11,3,7,3,0,12.38,39,4,0,0,0,1,0,0,0,43,156,0.63,0.17,0.07,0.27,0.21,0.06,2.375,0.433,7.9,2.33,592866
Allan Winans,29,21,Maj-AL,New York,2,1,,1.0,,6.1,8,7,6,2,3,1,2,8.53,24,0,1,0,1,2,0,0,0,30,112,0.64,0.14,0.07,0.35,0.22,0.09,1.579,0.318,4.3,1.5,642216
Bryan Woo,25,9,Maj-AL,Seattle,4,4,2.0,,,25.1,16,6,4,7,31,3,0,1.42,90,2,0,0,2,1,0,1,0,98,384,0.65,0.13,0.15,0.37,0.2,0.12,0.908,0.228,11.0,4.43,693433
Brandon Woodruff,32,7,Maj-NL,Milwaukee,2,2,1.0,,,10.1,7,3,3,0,18,3,0,2.61,38,0,0,0,0,0,1,0,0,38,151,0.73,0.25,0.13,0.35,0.25,0.0,0.677,0.235,15.7,,605540
Simeon Woods Richardson,24,6,Maj-AL,Minnesota,5,5,3.0,1.0,,25.2,16,6,5,10,19,2,0,1.75,91,3,0,0,1,2,1,0,0,103,391,0.68,0.16,0.09,0.3,0.14,0.15,1.013,0.194,6.7,1.9,680573
Yoshinobu Yamamoto,26,6,Maj-NL,Los Angeles,4,4,2.0,1.0,,19.2,11,6,4,6,21,1,0,1.83,70,3,0,0,1,0,0,0,0,76,286,0.67,0.19,0.13,0.49,0.2,0.04,0.864,0.208,9.6,3.5,808967
Brandon Young,26,6,Maj-AL,Baltimore,4,4,,3.0,,17.2,25,16,16,3,16,6,0,8.15,76,9,0,0,2,0,0,0,0,79,274,0.68,0.17,0.11,0.45,0.18,0.03,1.585,0.352,8.2,5.33,687064
Ryan Zeferjahn,27,1,Maj-AL,Los Angeles,9,1,1.0,2.0,1.0,8.2,10,10,9,8,10,4,0,9.35,35,1,0,2,1,0,2,0,0,43,155,0.65,0.13,0.11,0.32,0.12,0.08,2.077,0.286,10.4,1.25,666171
Angel Zerpa,25,1,Maj-AL,Kansas City,11,1,,1.0,,9.0,5,4,4,6,12,0,0,4.0,28,2,0,0,2,0,0,0,0,36,145,0.62,0.21,0.09,0.61,0.17,0.0,1.222,0.313,12.0,2.0,672582
