Name,Age,#days,Lev,Tm,G,GS,W,L,SV,IP,H,R,ER,BB,SO,HR,HBP,ERA,AB,2B,3B,IBB,GDP,SF,SB,CS,PO,BF,Pit,Str,StL,StS,GB/FB,LD,PU,WHIP,BAbip,SO9,SO/W,mlbID,year,player_id,pa,k_percent,bb_percent,woba,xwoba,sweet_spot_percent,barrel_batted_rate,hard_hit_percent,avg_best_speed,avg_hyper_speed,whiff_percent,swing_percent
sandy alcantara,27,675,Maj-NL,Miami,27,27,7.0,12.0,,179.0,173,88,82,44,149,22,5,4.12,683,30,1,0,18,4,16,3,3,739,2625,0.69,0.15,0.12,0.51,0.22,0.05,1.212,0.293,7.5,3.39,645261,2023,645261,762,19.8,6.3,0.301,0.32,31.4,7.0,40.6,77.348736884,94.275894674,25.4,54.2
logan allen,24,659,Maj-AL,Cleveland,24,24,7.0,8.0,,125.1,127,55,53,48,119,16,1,3.81,483,28,0,0,11,2,0,5,1,537,2134,0.64,0.16,0.11,0.43,0.25,0.07,1.396,0.317,8.5,2.48,671106,2023,671106,537,22.2,8.9,0.326,0.323,34.2,7.6,39.1,77.882028571,94.245612837,24.0,47.7
tyler anderson,33,662,Maj-AL,Los Angeles,27,25,6.0,6.0,,141.0,146,90,85,64,119,20,7,5.43,549,40,2,1,7,7,7,2,0,629,2436,0.64,0.14,0.13,0.31,0.27,0.08,1.489,0.302,7.6,1.86,542881,2023,542881,629,18.9,10.2,0.345,0.34,37.6,8.2,32.3,75.818054326,93.084649767,27.8,49.7
graham ashcraft,25,677,Maj-NL,Cincinnati,26,26,7.0,9.0,,145.2,148,78,77,52,111,23,10,4.76,558,23,4,0,21,2,10,4,1,624,2324,0.65,0.17,0.1,0.48,0.24,0.05,1.373,0.293,6.9,2.13,668933,2023,668933,624,17.8,8.3,0.339,0.34,34.0,6.9,38.9,76.720419821,94.143819215,22.3,48.2
chris bassitt,34,650,Maj-AL,Toronto,33,33,16.0,8.0,,200.0,176,88,80,59,186,28,12,3.6,749,38,2,2,14,5,14,6,2,826,3140,0.66,0.19,0.1,0.43,0.23,0.07,1.175,0.274,8.4,3.15,605135,2023,605135,826,22.5,7.1,0.304,0.31,36.0,8.3,35.3,75.819874626,93.662809412,21.9,47.3
brayan bello,24,651,Maj-AL,Boston,28,28,12.0,11.0,,157.0,165,77,74,45,132,24,6,4.24,611,36,2,0,23,5,9,3,2,668,2616,0.63,0.15,0.11,0.56,0.19,0.04,1.338,0.307,7.6,2.93,678394,2023,678394,668,19.8,6.7,0.334,0.314,28.0,7.0,44.3,78.007244174,94.760085031,24.4,48.4
jose berrios,29,651,Maj-AL,Toronto,32,32,11.0,12.0,,189.2,173,82,77,52,184,25,9,3.65,717,33,2,3,13,2,12,4,3,782,2938,0.65,0.18,0.11,0.42,0.27,0.06,1.186,0.29,8.7,3.54,621244,2023,621244,782,23.5,6.6,0.302,0.326,39.1,8.6,35.8,77.334530262,93.583561201,25.5,46.5
tanner bibee,24,662,Maj-AL,Cleveland,25,25,10.0,4.0,,142.0,122,49,47,45,141,13,5,2.98,530,26,0,0,7,4,9,1,3,585,2323,0.64,0.16,0.11,0.37,0.26,0.08,1.176,0.287,8.9,3.13,676440,2023,676440,585,24.1,7.7,0.285,0.297,37.8,6.1,38.1,78.01009352,94.070533376,26.3,47.2
shane bieber,28,651,Maj-AL,Cleveland,20,20,6.0,6.0,,122.0,118,56,54,34,104,14,3,3.98,467,27,2,0,13,4,10,5,2,510,1870,0.65,0.19,0.1,0.48,0.26,0.05,1.246,0.295,7.7,3.06,669456,2023,669456,533,20.1,6.4,0.307,0.336,34.4,7.8,47.8,81.658119741,95.361877073,24.3,46.1
kyle bradish,26,647,Maj-AL,Baltimore,30,30,12.0,7.0,,168.2,132,54,53,44,168,14,8,2.83,615,27,1,0,19,2,3,2,0,671,2641,0.64,0.18,0.11,0.49,0.26,0.03,1.043,0.271,9.0,3.82,680694,2023,680694,671,25.0,6.6,0.268,0.3,33.3,6.9,42.0,80.023999375,94.268400156,26.0,45.8
hunter brown,24,647,Maj-AL,Houston,31,29,11.0,13.0,,155.2,157,94,88,55,178,26,9,5.09,599,34,2,0,16,2,16,7,2,665,2724,0.63,0.17,0.11,0.52,0.21,0.05,1.362,0.33,10.3,3.24,686613,2023,686613,665,26.8,8.3,0.34,0.318,30.0,10.9,44.4,80.710690569,94.872462251,24.8,46.4
corbin burnes,28,650,Maj-NL,Milwaukee,31,31,10.0,7.0,,188.2,137,73,69,63,197,22,7,3.29,685,19,1,0,9,6,11,2,3,761,2994,0.63,0.17,0.12,0.43,0.26,0.06,1.06,0.244,9.4,3.13,669203,2023,669203,784,25.5,8.4,0.266,0.285,31.0,5.3,32.4,74.856549488,92.974631594,28.8,46.3
griffin canning,27,651,Maj-AL,Los Angeles,24,22,7.0,8.0,,127.0,121,62,61,36,139,22,5,4.32,493,19,3,1,6,1,2,0,3,536,2177,0.65,0.17,0.13,0.43,0.21,0.06,1.236,0.297,9.9,3.86,656288,2023,656288,536,25.9,6.7,0.315,0.309,31.5,9.8,44.2,81.182281765,94.781038053,29.1,48.4
luis castillo,30,648,Maj-AL,Seattle,32,32,14.0,9.0,,191.0,159,81,73,56,213,28,5,3.44,716,36,5,0,2,5,6,6,1,783,3132,0.66,0.14,0.15,0.39,0.24,0.09,1.126,0.273,10.0,3.8,622491,2023,622491,802,27.3,7.0,0.289,0.301,31.0,9.4,41.8,78.960209073,94.709603649,30.6,52.1
dylan cease,27,649,Maj-AL,Chicago,32,32,7.0,9.0,,170.2,170,97,89,79,204,19,8,4.69,668,32,9,3,6,6,12,2,3,762,3176,0.62,0.15,0.14,0.37,0.28,0.08,1.459,0.335,10.8,2.58,656302,2023,656302,784,27.3,10.1,0.321,0.312,36.8,6.2,41.6,79.788605816,94.355014456,31.0,46.3
aaron civale,28,649,Maj-AL,"Cleveland,Tampa Bay",23,23,7.0,5.0,,122.1,109,47,47,33,116,12,5,3.46,463,21,1,0,9,1,6,2,0,504,2009,0.66,0.19,0.1,0.4,0.24,0.09,1.161,0.289,8.5,3.52,650644,2023,650644,504,23.0,6.5,0.288,0.297,33.5,6.6,36.4,78.321917907,94.02557481,22.7,46.9
mike clevinger,32,648,Maj-AL,Chicago,24,24,9.0,9.0,,131.1,121,56,55,40,110,16,9,3.77,496,27,3,0,10,3,27,1,4,549,2097,0.66,0.17,0.1,0.31,0.23,0.12,1.226,0.282,7.5,2.75,605182,2023,605182,549,20.0,7.3,0.312,0.312,34.9,7.2,35.9,77.254600722,93.563543824,23.2,49.1
alex cobb,35,659,Maj-NL,San Francisco,28,28,7.0,7.0,,151.1,163,69,65,37,131,19,6,3.87,600,33,4,0,16,2,13,3,4,646,2505,0.64,0.19,0.09,0.58,0.24,0.02,1.322,0.319,7.8,3.54,502171,2023,502171,646,20.3,5.7,0.325,0.333,33.1,7.0,43.4,78.162474979,94.959257569,21.7,44.9
gerrit cole,32,651,Maj-AL,New York,32,32,14.0,4.0,,203.0,154,64,61,46,211,20,7,2.7,741,26,1,0,13,2,6,4,2,799,3187,0.66,0.16,0.12,0.4,0.25,0.07,0.985,0.262,9.4,4.59,543037,2023,543037,821,27.0,5.8,0.256,0.289,33.7,7.6,39.2,78.703162612,93.996080634,26.2,50.1
patrick corbin,33,651,Maj-NL,Washington,31,31,10.0,14.0,,177.0,203,109,102,54,121,33,4,5.19,700,33,1,0,15,9,27,10,8,770,2840,0.62,0.16,0.09,0.45,0.25,0.05,1.452,0.306,6.2,2.24,571578,2023,571578,790,15.7,7.2,0.353,0.373,37.9,9.3,44.0,80.192000808,94.927415572,21.4,45.7
kutter crawford,27,648,Maj-AL,Boston,31,23,6.0,8.0,,129.1,107,59,58,36,135,17,5,4.04,484,26,2,0,9,2,8,2,1,527,2103,0.66,0.14,0.13,0.35,0.19,0.14,1.106,0.269,9.4,3.75,676710,2023,676710,527,25.6,6.8,0.29,0.28,30.5,7.7,35.3,76.355210455,93.712169573,26.8,52.4
yu darvish,36,684,Maj-NL,San Diego,24,24,8.0,10.0,,136.1,134,71,69,43,141,18,8,4.56,517,25,2,0,12,6,17,4,0,574,2220,0.65,0.18,0.11,0.43,0.27,0.09,1.298,0.319,9.3,3.28,506433,2023,506433,573,24.6,7.3,0.321,0.301,33.0,6.8,38.2,77.260033579,93.949118786,25.1,46.4
reid detmers,23,652,Maj-AL,Los Angeles,28,28,4.0,10.0,,148.2,141,81,74,60,168,19,13,4.48,569,28,1,2,11,2,15,4,2,644,2600,0.64,0.15,0.12,0.37,0.29,0.06,1.352,0.318,10.2,2.8,672282,2023,672282,644,26.1,9.3,0.321,0.327,37.2,6.2,41.4,79.273350299,94.457081521,27.1,48.8
dane dunning,28,647,Maj-AL,Texas,35,26,12.0,7.0,,172.2,163,73,71,55,140,20,10,3.7,652,27,3,0,20,5,7,4,0,722,2698,0.65,0.18,0.1,0.47,0.22,0.06,1.263,0.288,7.3,2.55,641540,2023,641540,722,19.4,7.6,0.31,0.325,32.5,7.5,40.2,77.759256899,94.06919,22.3,47.0
zach eflin,29,652,Maj-AL,Tampa Bay,31,31,16.0,8.0,,177.2,158,69,69,24,186,19,3,3.5,671,31,4,1,11,3,7,6,1,703,2578,0.69,0.19,0.11,0.5,0.2,0.07,1.024,0.296,9.4,7.75,621107,2023,621107,703,26.5,3.4,0.276,0.27,29.2,9.0,35.1,75.557414813,93.73501605,24.1,49.9
bryce elder,24,652,Maj-NL,Atlanta,31,31,12.0,4.0,,174.2,160,79,74,63,128,19,8,3.81,654,32,3,0,26,5,9,1,0,732,2849,0.63,0.16,0.1,0.51,0.24,0.05,1.277,0.275,6.6,2.03,693821,2023,693821,732,17.5,8.6,0.309,0.329,32.0,6.0,41.0,79.502454545,94.398947273,23.6,46.3
nathan eovaldi,33,649,Maj-AL,Texas,25,25,12.0,5.0,,144.0,117,59,58,47,132,15,6,3.63,521,27,5,0,19,2,8,4,1,577,2232,0.63,0.15,0.12,0.52,0.22,0.05,1.139,0.271,8.3,2.81,543135,2023,543135,577,22.9,8.1,0.296,0.308,30.1,7.9,43.1,77.314907795,94.415751825,26.4,47.8
jack flaherty,27,648,"Maj-AL,Maj-NL","Baltimore,St. Louis",29,27,8.0,9.0,,144.1,162,83,80,66,148,17,12,4.99,565,37,2,2,19,6,4,2,0,650,2634,0.61,0.17,0.11,0.43,0.28,0.05,1.58,0.357,9.2,2.24,656427,2023,656427,650,22.8,10.2,0.356,0.343,38.5,7.3,38.3,76.595665118,93.759440071,26.6,44.0
j.p. france,28,655,Maj-AL,Houston,24,23,11.0,6.0,,136.1,138,64,58,47,101,19,2,3.83,524,20,1,0,17,7,9,2,3,581,2203,0.62,0.17,0.09,0.42,0.25,0.07,1.357,0.29,6.7,2.15,641585,2023,641585,581,17.4,8.1,0.319,0.337,33.9,8.1,38.7,79.324354233,94.108334569,21.9,44.9
kyle freeland,30,662,Maj-NL,Colorado,28,28,5.0,14.0,,149.2,184,96,87,41,93,29,1,5.23,604,28,6,0,17,6,13,7,2,656,2343,0.66,0.14,0.08,0.41,0.25,0.05,1.503,0.318,5.6,2.27,607536,2023,607536,677,13.9,6.2,0.36,0.361,35.0,8.7,43.5,79.780080451,94.648559793,17.2,51.0
zac gallen,27,649,Maj-NL,Arizona,33,33,17.0,8.0,,205.1,182,82,76,44,213,22,5,3.33,770,40,3,0,17,4,5,6,0,823,3163,0.65,0.17,0.11,0.43,0.27,0.04,1.101,0.297,9.3,4.84,668678,2023,668678,846,26.0,5.6,0.289,0.314,36.4,9.2,46.2,82.024994196,95.003873538,26.4,47.2
braxton garrett,25,651,Maj-NL,Miami,31,30,9.0,7.0,,159.2,154,68,65,29,156,20,11,3.66,617,37,4,0,12,2,14,3,3,659,2480,0.66,0.19,0.11,0.49,0.27,0.04,1.146,0.302,8.8,5.38,666129,2023,666129,659,23.7,4.4,0.307,0.328,32.2,7.8,45.1,78.937398913,95.013758957,25.4,47.2
kevin gausman,32,652,Maj-AL,Toronto,31,31,12.0,9.0,,185.0,163,72,65,55,237,19,3,3.16,700,43,1,0,9,1,21,4,3,763,3070,0.66,0.17,0.13,0.43,0.25,0.06,1.178,0.324,11.5,4.31,592332,2023,592332,763,31.1,7.2,0.292,0.303,36.9,9.9,43.3,77.897586061,94.803198308,28.9,49.3
kyle gibson,35,648,Maj-AL,Baltimore,32,32,14.0,9.0,,187.0,192,97,97,54,154,23,5,4.67,713,42,4,0,22,11,7,4,1,786,2959,0.62,0.17,0.11,0.5,0.23,0.04,1.316,0.309,7.4,2.85,502043,2023,502043,807,19.5,6.8,0.326,0.335,33.4,7.6,44.5,78.377673356,94.787380789,25.4,45.6
logan gilbert,26,650,Maj-AL,Seattle,32,32,13.0,7.0,,190.2,169,82,79,36,189,29,2,3.73,724,36,2,1,9,5,14,1,0,770,2924,0.67,0.15,0.12,0.42,0.23,0.06,1.075,0.274,8.9,5.25,669302,2023,669302,770,24.5,4.7,0.29,0.297,35.0,9.0,44.6,80.44648539,94.746169145,26.4,52.2
lucas giolito,28,647,Maj-AL,"Chicago,Cleveland,Los Angeles",33,33,8.0,15.0,,184.1,169,110,100,73,204,41,9,4.88,705,34,7,2,6,6,13,6,2,794,3191,0.63,0.17,0.12,0.36,0.23,0.12,1.313,0.275,10.0,2.79,608337,2023,608337,794,25.7,9.2,0.339,0.329,33.3,11.0,41.6,77.97955087,94.420691621,28.8,46.8
austin gomber,29,681,Maj-NL,Colorado,27,27,9.0,9.0,,139.0,164,88,85,43,87,26,3,5.5,552,35,3,1,18,1,8,1,1,603,2162,0.64,0.16,0.08,0.43,0.24,0.07,1.489,0.314,5.6,2.02,596295,2023,596295,603,14.4,7.1,0.368,0.361,31.3,8.9,44.3,79.777446652,94.9510922,19.1,47.5
mackenzie gore,24,670,Maj-NL,Washington,27,27,7.0,10.0,,136.1,134,71,67,57,151,27,1,4.42,519,19,2,0,16,4,10,3,5,582,2461,0.63,0.15,0.12,0.39,0.26,0.06,1.401,0.31,10.0,2.65,669022,2023,669022,582,25.9,9.8,0.339,0.347,35.1,12.1,43.7,78.41922712,94.967012446,27.9,48.5
jon gray,31,653,Maj-AL,Texas,29,29,9.0,8.0,,157.1,149,75,72,54,142,22,9,4.12,582,16,1,1,13,7,12,9,4,656,2394,0.66,0.15,0.12,0.41,0.26,0.07,1.29,0.299,8.1,2.63,592351,2023,592351,656,21.6,8.2,0.317,0.325,35.5,6.4,39.5,78.991165586,94.126791486,26.4,50.8
josiah gray,25,652,Maj-NL,Washington,30,30,8.0,13.0,,159.0,152,72,69,80,143,22,9,3.91,605,29,1,1,13,4,21,4,4,698,2812,0.61,0.15,0.11,0.38,0.24,0.1,1.459,0.293,8.1,1.79,680686,2023,680686,698,20.5,11.5,0.332,0.342,35.0,9.4,36.7,75.912309009,93.710812694,26.2,46.4
sonny gray,33,650,Maj-AL,Minnesota,32,32,8.0,8.0,,184.0,156,59,57,55,183,8,6,2.79,689,34,3,0,13,3,8,4,4,754,2819,0.64,0.17,0.12,0.48,0.27,0.05,1.147,0.295,9.0,3.33,543243,2023,543243,754,24.3,7.3,0.27,0.296,32.9,6.9,39.2,78.435195138,94.126464752,26.1,47.7
zack greinke,39,647,Maj-AL,Kansas City,29,26,2.0,14.0,,137.0,151,80,78,22,93,25,4,5.12,539,25,1,0,12,5,2,1,5,570,2141,0.64,0.18,0.07,0.44,0.25,0.05,1.263,0.296,6.1,4.23,425844,2023,425844,593,16.4,3.9,0.332,0.343,32.6,7.7,38.8,79.099913176,94.182767312,17.3,46.8
andrew heaney,32,648,Maj-AL,Texas,34,28,10.0,6.0,,147.1,143,74,68,60,151,23,10,4.15,569,34,2,0,13,2,11,3,0,641,2604,0.63,0.15,0.11,0.42,0.21,0.06,1.378,0.302,9.2,2.52,571760,2023,571760,641,23.6,9.4,0.335,0.327,31.4,10.2,38.6,80.118188846,94.263143438,26.5,48.2
kyle hendricks,33,649,Maj-NL,Chicago,24,24,6.0,8.0,,137.0,138,68,57,27,93,13,4,3.74,542,30,3,0,2,4,23,2,0,578,2108,0.66,0.19,0.09,0.47,0.23,0.08,1.204,0.284,6.1,3.44,543294,2023,543294,578,16.1,4.7,0.296,0.313,33.7,6.2,31.5,72.3316,93.059797773,21.1,46.7
rich hill,43,647,Maj-NL,"Pittsburgh,San Diego",32,27,8.0,14.0,,146.1,165,98,88,58,129,23,7,5.41,587,44,4,0,11,4,25,2,1,660,2531,0.65,0.2,0.08,0.39,0.28,0.08,1.524,0.323,7.9,2.22,448179,2023,448179,660,19.5,8.8,0.359,0.36,37.3,10.1,39.9,78.850617598,94.135267838,19.3,45.4
jake irvin,26,657,Maj-NL,Washington,24,24,3.0,7.0,,121.0,118,66,62,54,99,20,8,4.61,462,17,2,0,15,6,5,0,1,530,2147,0.62,0.19,0.07,0.42,0.21,0.07,1.421,0.281,7.4,1.83,663623,2023,663623,530,18.7,10.2,0.335,0.344,33.1,10.3,39.6,80.193214837,94.671824251,17.9,43.7
cristian javier,26,647,Maj-AL,Houston,30,30,10.0,5.0,,157.0,135,82,79,61,153,25,7,4.53,589,29,4,0,7,6,20,3,3,664,2802,0.61,0.14,0.11,0.26,0.24,0.11,1.248,0.264,8.8,2.51,664299,2023,664299,687,23.1,9.0,0.317,0.323,38.1,9.4,38.3,78.877175219,93.876231451,27.1,48.0
mitch keller,27,652,Maj-NL,Pittsburgh,31,31,13.0,9.0,,189.2,182,93,87,51,202,24,12,4.13,733,38,1,0,14,5,12,2,2,802,3021,0.67,0.19,0.1,0.44,0.25,0.05,1.228,0.309,9.6,3.96,656605,2023,656605,825,25.5,6.7,0.31,0.315,36.5,8.6,35.6,75.953749524,93.735176239,23.2,47.8
merrill kelly,34,648,Maj-NL,Arizona,29,29,12.0,8.0,,174.0,140,71,65,65,183,20,4,3.36,632,29,3,0,19,3,13,3,4,705,2733,0.65,0.16,0.12,0.46,0.24,0.07,1.178,0.278,9.5,2.82,518876,2023,518876,721,25.9,9.4,0.294,0.312,35.1,7.8,41.8,78.631396856,94.559456681,27.0,49.1
clayton kershaw,35,648,Maj-NL,Los Angeles,24,24,13.0,5.0,,131.2,100,39,36,40,137,19,3,2.46,479,19,0,0,16,1,6,4,1,523,2026,0.66,0.16,0.13,0.48,0.22,0.07,1.063,0.25,9.4,3.43,477132,2023,477132,523,26.2,7.6,0.28,0.3,34.7,9.0,39.1,77.970437953,94.209900469,28.1,49.6
yusei kikuchi,32,649,Maj-AL,Toronto,32,32,11.0,6.0,,167.2,165,78,72,48,181,27,4,3.86,646,27,1,0,16,0,14,1,2,700,2818,0.64,0.16,0.12,0.4,0.26,0.08,1.27,0.315,9.7,3.77,579328,2023,579328,700,25.9,6.9,0.319,0.319,37.7,9.0,42.4,80.862697662,94.432324264,28.0,48.7
george kirby,25,647,Maj-AL,Seattle,31,31,13.0,10.0,,190.2,179,74,71,19,172,22,6,3.35,727,28,7,1,18,3,17,4,0,757,2825,0.71,0.16,0.11,0.45,0.22,0.07,1.038,0.293,8.1,9.05,669923,2023,669923,757,22.7,2.5,0.284,0.305,32.0,7.5,40.9,78.350455269,94.249794794,22.9,54.5
michael kopech,27,658,Maj-AL,Chicago,30,27,5.0,12.0,,129.1,115,80,78,91,134,29,11,5.43,483,21,2,0,11,5,32,7,0,591,2430,0.58,0.16,0.1,0.36,0.2,0.09,1.593,0.265,9.3,1.47,656629,2023,656629,591,22.7,15.4,0.363,0.363,31.6,12.7,42.4,79.995233636,94.720039517,26.9,42.1
dean kremer,27,650,Maj-AL,Baltimore,32,32,13.0,5.0,,172.2,171,85,79,55,157,27,5,4.12,673,26,1,0,10,2,9,6,1,735,2927,0.64,0.16,0.1,0.4,0.28,0.05,1.309,0.293,8.2,2.85,665152,2023,665152,735,21.4,7.5,0.317,0.339,36.9,8.9,40.3,79.052297752,94.393783895,24.0,47.7
pablo lopez,27,651,Maj-AL,Minnesota,31,31,10.0,8.0,,188.2,174,81,79,45,226,24,8,3.77,721,25,5,1,9,4,8,3,2,780,2941,0.68,0.16,0.14,0.45,0.23,0.07,1.161,0.316,10.8,5.02,641154,2023,641154,801,29.2,6.0,0.294,0.269,32.4,6.3,34.8,75.934517778,93.235848194,30.3,51.7
michael lorenzen,31,647,"Maj-AL,Maj-NL","Detroit,Philadelphia",29,25,9.0,9.0,1.0,153.0,138,76,71,47,111,20,2,4.18,567,26,1,0,19,4,2,3,2,624,2368,0.66,0.16,0.09,0.42,0.23,0.05,1.209,0.268,6.5,2.36,547179,2023,547179,624,17.8,7.5,0.304,0.326,33.9,8.0,40.2,80.116257074,94.295669956,21.7,49.4
seth lugo,33,652,Maj-NL,San Diego,26,26,8.0,7.0,,146.1,140,62,58,36,140,19,3,3.57,563,29,3,0,12,2,6,1,1,604,2378,0.65,0.19,0.09,0.45,0.26,0.04,1.203,0.298,8.6,3.89,607625,2023,607625,604,23.2,6.0,0.306,0.323,34.6,9.6,44.2,80.522905755,94.837821229,21.9,46.3
jesus luzardo,25,650,Maj-NL,Miami,31,31,9.0,10.0,,173.0,160,79,71,51,203,22,6,3.69,660,43,3,1,17,2,10,3,5,720,2898,0.65,0.16,0.14,0.41,0.22,0.08,1.22,0.316,10.6,3.98,666200,2023,666200,741,28.1,7.4,0.307,0.307,34.7,9.5,40.0,78.474338846,94.421479593,31.4,48.6
jordan lyles,32,649,Maj-AL,Kansas City,31,31,6.0,17.0,,177.2,176,130,124,45,120,39,6,6.28,689,48,2,0,13,5,9,2,1,748,2818,0.63,0.15,0.09,0.34,0.23,0.1,1.244,0.256,6.1,2.67,543475,2023,543475,748,16.0,6.0,0.34,0.339,34.6,9.9,35.5,78.646858035,93.749665333,20.1,48.1
lance lynn,36,649,"Maj-AL,Maj-NL","Chicago,Los Angeles",31,31,13.0,11.0,,178.0,186,125,115,63,185,43,8,5.81,711,26,3,1,12,2,7,2,0,785,3073,0.64,0.14,0.13,0.37,0.24,0.09,1.399,0.295,9.4,2.94,458681,2023,458681,808,23.6,8.3,0.347,0.337,35.2,10.4,39.3,77.065476868,94.313936189,28.8,50.1
tylor megill,27,648,Maj-NL,New York,25,25,9.0,8.0,,126.1,141,76,66,58,105,18,6,4.7,500,25,0,0,19,2,11,3,4,567,2235,0.6,0.15,0.09,0.44,0.24,0.05,1.575,0.325,7.5,1.81,656731,2023,656731,567,18.5,10.2,0.35,0.365,37.0,9.1,42.6,78.869756548,94.663499746,23.4,44.9
miles mikolas,34,647,Maj-NL,St. Louis,34,34,9.0,13.0,,198.0,216,105,102,39,131,26,7,4.64,782,48,5,0,14,8,12,5,1,839,3107,0.67,0.18,0.07,0.39,0.26,0.07,1.288,0.3,6.0,3.36,571945,2023,571945,860,15.9,4.5,0.33,0.354,38.9,9.8,43.0,80.242845536,94.593177009,16.7,49.7
bobby miller,24,647,Maj-NL,Los Angeles,22,22,11.0,4.0,,124.1,105,53,52,32,119,12,6,3.76,464,22,3,0,9,3,14,1,1,505,1961,0.65,0.17,0.11,0.48,0.23,0.05,1.102,0.277,8.6,3.72,676272,2023,676272,505,23.6,6.3,0.283,0.286,33.3,6.0,37.6,77.304123023,93.812180058,26.8,48.2
bryce miller,24,651,Maj-AL,Seattle,25,25,8.0,7.0,,131.1,124,64,63,26,119,18,7,4.32,501,36,0,0,9,2,6,4,2,537,2095,0.67,0.15,0.11,0.35,0.28,0.08,1.142,0.29,8.2,4.58,682243,2023,682243,537,22.2,4.8,0.309,0.337,38.7,10.9,42.1,80.533819372,94.75094644,24.3,52.8
jordan montgomery,30,650,"Maj-AL,Maj-NL","St. Louis,Texas",32,32,10.0,11.0,,188.2,177,75,67,48,166,18,4,3.2,718,45,3,0,20,5,14,1,1,777,2918,0.64,0.17,0.11,0.44,0.27,0.06,1.193,0.295,7.9,3.46,656756,2023,656756,777,21.4,6.2,0.298,0.308,36.3,7.5,37.9,77.154947138,93.903178297,26.0,47.6
charlie morton,39,656,Maj-NL,Atlanta,30,30,14.0,12.0,,163.1,150,70,66,83,183,14,12,3.64,615,30,3,2,15,3,16,3,3,716,2847,0.61,0.18,0.13,0.44,0.26,0.05,1.427,0.323,10.1,2.2,450203,2023,450203,716,25.6,11.6,0.318,0.33,36.8,7.8,39.1,77.30793493,94.400073953,32.2,42.9
ryne nelson,25,647,Maj-NL,Arizona,29,27,8.0,8.0,,144.0,159,87,85,46,96,24,1,5.31,559,37,10,0,15,10,2,4,0,619,2355,0.65,0.15,0.09,0.37,0.23,0.08,1.424,0.301,6.0,2.09,669194,2023,669194,619,15.5,7.4,0.357,0.349,37.1,11.6,42.7,80.703908814,94.897921525,20.3,49.8
aaron nola,30,652,Maj-NL,Philadelphia,31,31,12.0,9.0,,190.0,174,100,91,43,198,31,1,4.31,726,34,3,0,15,4,21,5,3,776,3021,0.67,0.18,0.12,0.43,0.24,0.06,1.142,0.285,9.4,4.6,605400,2023,605400,793,25.5,5.7,0.303,0.298,36.3,8.3,38.5,78.53543572,94.143390037,26.0,49.3
bailey ober,27,647,Maj-AL,Minnesota,26,26,8.0,6.0,,144.1,125,58,55,29,146,22,7,3.43,539,24,1,0,8,2,3,6,1,577,2327,0.67,0.14,0.14,0.35,0.21,0.09,1.067,0.276,9.1,5.03,641927,2023,641927,577,25.3,5.0,0.294,0.295,33.4,9.6,35.7,77.740159286,93.490782916,28.7,53.1
shohei ohtani,28,686,Maj-AL,Los Angeles,22,22,10.0,5.0,,126.0,83,50,46,52,157,18,11,3.29,443,14,0,0,16,1,5,3,1,508,1996,0.64,0.17,0.13,0.47,0.2,0.08,1.071,0.242,11.2,3.02,660271,2023,660271,531,31.5,10.4,0.277,0.302,34.0,10.1,35.0,73.9743325,93.442735912,30.8,46.7
johan oviedo,25,651,Maj-NL,Pittsburgh,32,32,9.0,14.0,,177.2,161,91,85,83,158,19,13,4.31,678,41,5,1,12,4,9,3,0,781,2980,0.62,0.15,0.11,0.45,0.25,0.07,1.373,0.281,8.0,1.9,670912,2023,670912,781,20.2,10.6,0.319,0.329,32.2,7.6,40.2,77.184773602,94.173687869,26.0,46.5
freddy peralta,27,654,Maj-NL,Milwaukee,30,30,12.0,10.0,,165.2,131,77,71,54,210,26,6,3.86,617,30,0,0,7,1,7,0,0,680,2839,0.63,0.15,0.14,0.43,0.21,0.1,1.117,0.275,11.4,3.89,642547,2023,642547,680,30.9,7.9,0.291,0.284,32.3,8.6,37.7,75.952795517,93.704981926,33.6,47.8
martin perez,32,647,Maj-AL,Texas,35,20,10.0,4.0,,141.2,150,74,70,49,93,21,4,4.45,547,24,2,1,18,5,3,1,0,608,2225,0.64,0.18,0.07,0.46,0.23,0.06,1.405,0.295,5.9,1.9,527048,2023,527048,608,15.3,8.1,0.335,0.337,33.1,7.6,37.2,78.339075442,93.950532389,17.5,45.3
nick pivetta,30,649,Maj-AL,Boston,38,16,10.0,9.0,1.0,142.2,110,69,64,50,183,23,6,4.04,528,31,1,1,7,2,12,2,1,587,2380,0.65,0.16,0.13,0.37,0.27,0.04,1.121,0.269,11.5,3.66,601713,2023,601713,587,31.2,8.5,0.296,0.308,40.1,11.8,43.8,80.327621156,94.780976127,29.6,48.9
colin rea,32,649,Maj-NL,Milwaukee,26,22,6.0,6.0,,124.2,110,65,63,38,110,23,4,4.55,468,18,3,0,9,4,17,2,0,517,2018,0.66,0.18,0.1,0.44,0.23,0.07,1.187,0.257,7.9,2.89,607067,2023,607067,517,21.3,7.4,0.313,0.323,34.5,7.7,43.3,79.914554222,94.82878625,24.0,47.9
eduardo rodriguez,30,647,Maj-AL,Detroit,25,25,13.0,8.0,,147.1,125,56,53,46,138,14,3,3.24,544,25,2,0,11,6,10,5,0,600,2357,0.66,0.18,0.1,0.43,0.26,0.07,1.161,0.279,8.4,3.0,593958,2023,593958,621,23.0,7.7,0.284,0.31,31.4,7.5,38.5,76.990684623,94.247869548,23.8,47.8
grayson rodriguez,23,651,Maj-AL,Baltimore,23,23,7.0,4.0,,122.0,121,62,59,42,129,16,2,4.35,467,18,4,0,14,3,4,2,1,515,2104,0.66,0.15,0.12,0.47,0.26,0.04,1.336,0.323,9.5,3.07,680570,2023,680570,515,25.0,8.2,0.32,0.316,33.4,7.3,43.7,79.61343345,94.422562845,26.3,50.4
joe ryan,27,649,Maj-AL,Minnesota,29,29,11.0,10.0,,161.2,155,83,81,34,197,32,6,4.51,626,30,1,0,7,6,7,3,0,672,2685,0.69,0.14,0.14,0.33,0.23,0.09,1.169,0.305,11.0,5.79,657746,2023,657746,672,29.3,5.1,0.316,0.291,34.0,8.7,41.6,79.798987488,94.412337442,26.8,55.1
patrick sandoval,26,653,Maj-AL,Los Angeles,28,28,7.0,13.0,,144.2,145,89,66,74,128,12,4,4.11,567,29,1,2,12,3,7,3,3,652,2621,0.62,0.16,0.12,0.47,0.28,0.06,1.514,0.309,8.0,1.73,663776,2023,663776,652,19.6,11.3,0.318,0.332,38.0,7.0,35.1,76.334476941,93.456079153,27.7,46.6
max scherzer,38,666,"Maj-AL,Maj-NL","New York,Texas",26,26,12.0,6.0,,146.2,122,62,61,43,168,27,4,3.74,550,20,0,0,6,2,9,1,0,599,2375,0.66,0.15,0.13,0.34,0.23,0.1,1.125,0.266,10.3,3.91,453286,2023,453286,621,28.0,7.2,0.298,0.281,32.2,8.5,36.9,77.751416869,93.790833646,28.6,51.0
clarke schmidt,27,648,Maj-AL,New York,33,32,9.0,9.0,,159.0,169,91,82,46,149,24,11,4.64,630,41,1,0,13,7,8,3,0,694,2713,0.65,0.18,0.1,0.44,0.24,0.08,1.352,0.313,8.4,3.24,657376,2023,657376,694,21.5,6.6,0.334,0.32,31.1,7.6,41.0,77.79197595,94.39970499,22.8,47.1
jp sears,27,647,Maj-AL,Oakland,32,32,5.0,14.0,,172.1,165,90,87,53,161,34,16,4.54,662,33,4,2,9,3,15,8,3,735,2867,0.65,0.14,0.11,0.3,0.22,0.12,1.265,0.279,8.4,3.04,676664,2023,676664,735,21.9,7.2,0.335,0.33,32.7,11.1,38.4,77.25363428,94.084952044,24.8,51.0
kodai senga,30,651,Maj-NL,New York,29,29,12.0,7.0,,166.1,126,60,55,77,202,17,5,2.98,606,21,0,0,13,4,11,3,1,694,2792,0.61,0.16,0.13,0.44,0.22,0.09,1.22,0.279,10.9,2.62,673540,2023,673540,694,29.1,11.1,0.282,0.303,31.5,6.8,40.6,77.901311034,94.284814148,29.7,45.2
brady singer,26,660,Maj-AL,Kansas City,29,29,8.0,11.0,,159.2,182,102,98,49,133,20,8,5.52,634,44,5,0,13,10,11,3,0,702,2613,0.64,0.18,0.1,0.5,0.24,0.04,1.447,0.33,7.5,2.71,663903,2023,663903,702,18.9,7.0,0.346,0.339,34.8,7.8,48.6,80.379261107,95.275444743,22.7,45.6
drew smyly,34,647,Maj-NL,Chicago,41,23,11.0,11.0,,142.1,147,89,79,56,141,26,6,5.0,554,36,2,0,10,7,15,5,5,626,2403,0.63,0.16,0.11,0.36,0.24,0.12,1.426,0.307,8.9,2.52,592767,2023,592767,626,22.5,8.9,0.348,0.313,35.9,7.3,33.6,76.258119279,93.493708582,27.1,46.6
blake snell,30,653,Maj-NL,San Diego,31,31,14.0,8.0,,175.2,109,44,42,98,225,15,3,2.15,616,20,0,0,13,3,25,1,1,721,3076,0.58,0.16,0.15,0.44,0.26,0.05,1.178,0.248,11.5,2.3,605483,2023,605483,742,31.5,13.3,0.266,0.3,37.0,7.4,33.8,75.667264472,93.364914171,37.3,42.9
justin steele,27,652,Maj-NL,Chicago,30,30,16.0,5.0,,173.1,167,71,59,36,176,14,7,3.06,666,34,2,0,14,2,8,4,1,716,2681,0.68,0.15,0.12,0.5,0.24,0.06,1.171,0.32,9.1,4.89,657006,2023,657006,716,24.6,5.0,0.291,0.29,33.4,5.4,36.6,76.614522327,93.56474102,24.0,52.9
spencer strider,24,648,Maj-NL,Atlanta,32,32,20.0,5.0,,186.2,146,85,80,58,281,22,9,3.86,696,29,3,1,6,0,19,2,1,763,3100,0.68,0.15,0.19,0.35,0.26,0.07,1.093,0.316,13.5,4.84,675911,2023,675911,763,36.8,7.6,0.279,0.273,40.2,8.2,36.1,77.7258957,93.784333768,38.6,53.0
marcus stroman,32,650,Maj-NL,Chicago,26,24,9.0,9.0,,130.2,117,68,60,49,111,9,3,4.13,499,27,0,0,15,1,17,1,1,552,2115,0.62,0.17,0.09,0.57,0.24,0.02,1.27,0.284,7.6,2.27,573186,2023,573186,575,20.7,9.0,0.285,0.318,30.7,5.0,41.4,79.8502842,94.625671429,22.4,45.1
ranger suarez,27,651,Maj-NL,Philadelphia,22,22,4.0,6.0,,125.0,129,59,58,48,119,13,2,4.18,483,26,3,0,14,4,7,2,0,540,2023,0.63,0.18,0.09,0.49,0.26,0.04,1.416,0.327,8.6,2.48,624133,2023,624133,540,22.0,8.9,0.325,0.321,35.3,7.5,36.1,76.421901685,93.62207436,23.1,45.0
jameson taillon,31,648,Maj-NL,Chicago,30,29,8.0,10.0,1.0,154.1,156,96,83,41,140,27,5,4.84,604,28,1,0,10,5,13,3,0,655,2534,0.66,0.17,0.1,0.38,0.24,0.1,1.276,0.292,8.2,3.41,592791,2023,592791,655,21.4,6.3,0.322,0.332,36.2,10.7,38.4,76.828018498,94.064186052,22.0,49.1
framber valdez,29,651,Maj-AL,Houston,30,30,12.0,11.0,,193.0,160,86,76,57,196,19,9,3.54,707,36,3,0,22,8,19,1,1,786,2868,0.64,0.16,0.12,0.55,0.24,0.02,1.124,0.282,9.1,3.44,664285,2023,664285,808,24.8,7.1,0.287,0.319,30.9,8.0,45.6,81.844590865,95.101299868,26.8,47.2
justin verlander,40,648,"Maj-AL,Maj-NL","Houston,New York",27,27,13.0,8.0,,162.1,139,63,58,45,144,18,5,3.22,615,30,2,0,8,4,11,2,1,669,2603,0.66,0.16,0.1,0.36,0.23,0.12,1.133,0.265,8.0,3.2,434378,2023,434378,669,21.5,6.7,0.284,0.295,30.5,8.2,41.3,79.990406017,94.269512972,22.5,49.6
michael wacha,31,648,Maj-NL,San Diego,24,24,14.0,4.0,,134.1,113,49,48,43,124,15,3,3.22,505,32,1,0,5,2,4,3,0,553,2222,0.65,0.17,0.11,0.35,0.25,0.09,1.161,0.266,8.3,2.88,608379,2023,608379,553,22.4,7.8,0.291,0.318,38.6,7.3,35.5,77.384295812,93.517212696,24.6,47.9
ken waldichuk,25,649,Maj-AL,Oakland,35,22,4.0,9.0,1.0,141.0,149,93,84,71,132,24,9,5.36,550,39,2,1,13,6,7,6,4,639,2551,0.62,0.14,0.11,0.41,0.23,0.08,1.56,0.313,8.4,1.86,686610,2023,686610,639,20.7,11.1,0.361,0.331,34.7,7.7,38.5,77.103488815,93.79839827,25.1,47.5
taijuan walker,30,648,Maj-NL,Philadelphia,31,31,15.0,6.0,,172.2,155,87,84,71,138,20,8,4.38,650,35,4,1,8,3,12,7,6,733,2838,0.61,0.17,0.08,0.45,0.23,0.06,1.309,0.273,7.2,1.94,592836,2023,592836,733,18.8,9.7,0.313,0.321,33.1,6.8,40.9,77.901900078,94.417705363,20.5,44.1
luke weaver,29,650,"Maj-AL,Maj-NL","Cincinnati,New York,Seattle",29,25,3.0,6.0,,123.2,155,90,88,40,109,29,4,6.4,515,40,3,0,6,4,3,2,0,563,2258,0.63,0.16,0.09,0.36,0.29,0.07,1.577,0.331,7.9,2.73,596133,2023,596133,563,19.4,7.1,0.385,0.357,40.2,9.8,42.0,78.04239848,94.508679902,21.6,47.3
logan webb,26,653,Maj-NL,San Francisco,32,32,11.0,12.0,,210.0,197,79,74,29,182,18,5,3.17,789,34,4,0,30,0,19,4,0,826,3092,0.68,0.2,0.09,0.63,0.21,0.02,1.076,0.304,7.8,6.28,657277,2023,657277,850,22.8,3.6,0.283,0.295,28.4,6.9,46.0,79.69594423,95.252167361,20.8,47.4
zack wheeler,33,650,Maj-NL,Philadelphia,32,32,13.0,6.0,,192.0,168,82,77,39,212,20,9,3.61,734,35,2,0,6,5,3,4,0,787,3153,0.66,0.14,0.13,0.41,0.24,0.09,1.078,0.292,9.9,5.44,554430,2023,554430,787,26.9,5.0,0.277,0.277,35.1,5.1,36.4,75.393585916,93.267420573,28.6,51.3
trevor williams,31,649,Maj-NL,Washington,30,30,6.0,10.0,,144.1,178,97,89,53,111,34,5,5.55,593,32,2,1,8,7,9,1,0,659,2625,0.61,0.14,0.08,0.4,0.24,0.08,1.6,0.316,6.9,2.09,592866,2023,592866,658,16.9,7.9,0.377,0.359,36.9,10.2,38.6,77.005416033,93.997254483,19.0,47.1
andrew abbott,25,325,Maj-NL,Cincinnati,25,25,10.0,10.0,,138.0,127,60,57,52,114,25,2,3.72,529,28,1,1,6,2,10,4,3,586,2333,0.64,0.16,0.09,0.35,0.21,0.12,1.297,0.26,7.4,2.19,671096,2024,671096,586,19.5,8.9,0.323,0.31,36.6,9.3,33.5,78.18333039,93.177609095,22.6,47.6
tyler anderson,34,286,Maj-AL,Los Angeles,31,31,10.0,15.0,,179.1,158,83,76,73,142,24,7,3.81,681,32,3,2,6,4,15,3,0,765,2914,0.64,0.15,0.13,0.38,0.24,0.08,1.288,0.258,7.1,1.95,542881,2024,542881,765,18.6,9.5,0.308,0.322,34.1,7.9,33.0,76.273537333,93.1219435,27.8,49.3
spencer arrighetti,24,285,Maj-AL,Houston,29,28,7.0,13.0,,145.0,139,80,73,65,171,21,7,4.53,557,32,1,0,5,3,16,5,1,632,2505,0.64,0.17,0.12,0.36,0.28,0.08,1.407,0.321,10.6,2.63,681293,2024,681293,632,27.1,10.3,0.332,0.311,38.3,7.7,39.8,77.934348615,94.124621851,27.7,47.2
javier assad,26,287,Maj-NL,Chicago,29,29,7.0,6.0,,147.0,143,64,61,63,124,20,5,3.73,562,30,2,0,10,4,11,6,2,638,2538,0.61,0.19,0.07,0.44,0.23,0.06,1.401,0.291,7.6,1.97,665871,2024,665871,638,19.4,9.9,0.33,0.341,36.0,8.8,39.8,78.304060092,94.272452936,17.9,42.5
chris bassitt,35,289,Maj-AL,Toronto,30,30,10.0,13.0,,166.0,174,86,75,68,162,17,15,4.07,646,29,1,2,13,3,14,9,2,734,2865,0.63,0.18,0.09,0.4,0.27,0.08,1.458,0.334,8.8,2.38,605135,2024,605135,758,22.2,9.2,0.331,0.327,36.3,7.5,37.1,75.64419492,94.077816493,21.7,45.0
brayan bello,25,288,Maj-AL,Boston,29,29,13.0,8.0,,157.1,152,82,79,64,151,18,10,4.52,603,30,0,0,14,5,12,2,1,682,2628,0.63,0.17,0.11,0.51,0.24,0.05,1.373,0.305,8.6,2.36,678394,2024,678394,702,21.8,9.1,0.319,0.328,34.2,7.4,41.1,76.384630975,94.524067665,25.9,46.3
jose berrios,30,285,Maj-AL,Toronto,31,31,15.0,11.0,,186.1,162,77,75,53,147,30,13,3.62,692,19,4,1,20,2,11,4,4,763,2824,0.66,0.19,0.09,0.43,0.24,0.07,1.154,0.255,7.1,2.77,621244,2024,621244,786,19.5,6.9,0.308,0.334,36.3,7.8,41.8,79.087839143,94.188449928,21.1,46.7
tanner bibee,25,288,Maj-AL,Cleveland,30,30,12.0,8.0,,169.2,144,67,64,39,183,22,8,3.39,634,39,4,0,6,6,5,6,7,688,2764,0.67,0.15,0.12,0.34,0.24,0.09,1.079,0.28,9.7,4.69,676440,2024,676440,710,26.3,6.2,0.299,0.3,37.4,7.0,36.9,77.504108675,93.719329103,26.9,51.0
ronel blanco,30,281,Maj-AL,Houston,31,29,13.0,6.0,,169.1,115,56,52,71,170,22,2,2.76,606,26,3,0,12,5,7,3,2,686,2802,0.64,0.15,0.13,0.4,0.21,0.09,1.098,0.222,9.0,2.39,669854,2024,669854,676,24.6,10.1,0.276,0.309,30.1,9.3,35.5,78.14814367,93.702377385,29.0,48.6
taj bradley,23,285,Maj-AL,Tampa Bay,25,25,8.0,11.0,,138.0,122,68,63,47,154,22,3,4.11,519,22,1,0,11,5,6,0,0,578,2295,0.65,0.14,0.13,0.42,0.24,0.06,1.225,0.287,10.0,3.28,671737,2024,671737,578,26.6,8.1,0.308,0.314,34.9,10.2,42.9,81.556942554,94.766375924,27.4,50.7
hunter brown,25,289,Maj-AL,Houston,30,29,11.0,9.0,,166.0,152,70,66,58,174,18,5,3.58,629,16,2,0,12,2,20,9,0,694,2801,0.63,0.17,0.1,0.48,0.23,0.07,1.265,0.305,9.4,3.0,686613,2024,686613,712,25.1,8.4,0.296,0.283,28.0,4.5,30.3,74.687517768,92.855098176,25.1,46.3
corbin burnes,29,281,Maj-AL,Baltimore,32,32,14.0,10.0,,196.1,169,76,63,49,173,21,2,2.89,738,21,1,0,12,3,42,7,5,792,2999,0.64,0.15,0.13,0.49,0.2,0.09,1.11,0.271,7.9,3.53,669203,2024,669203,784,23.1,6.1,0.273,0.284,26.8,6.7,31.6,76.693803832,93.206229159,28.6,48.8
griffin canning,28,284,Maj-AL,Los Angeles,31,30,6.0,12.0,,166.2,167,100,94,65,128,30,6,5.08,634,25,3,1,17,9,6,3,3,716,2775,0.63,0.14,0.11,0.42,0.23,0.06,1.392,0.282,6.9,1.97,656288,2024,656288,739,17.6,8.9,0.341,0.333,32.4,8.6,41.9,80.443886517,94.700505891,24.5,48.4
jonathan cannon,23,283,Maj-AL,Chicago,23,21,5.0,10.0,1.0,124.1,125,65,62,40,91,18,4,4.49,475,24,3,0,13,2,10,7,1,522,2028,0.63,0.16,0.09,0.38,0.28,0.08,1.327,0.291,6.6,2.28,686563,2024,686563,522,17.4,7.7,0.332,0.322,38.3,7.3,36.3,78.719188912,93.823911325,21.8,47.1
luis castillo,31,304,Maj-AL,Seattle,29,29,11.0,11.0,,170.1,152,69,67,45,170,24,5,3.54,642,34,2,2,13,2,12,6,0,696,2765,0.66,0.15,0.12,0.41,0.22,0.1,1.157,0.284,9.0,3.78,622491,2024,622491,719,24.3,6.5,0.305,0.306,37.0,8.5,41.9,78.938131564,94.546516728,25.9,50.6
dylan cease,28,287,Maj-NL,San Diego,32,32,14.0,10.0,,184.2,135,77,71,63,218,18,2,3.46,669,32,1,0,11,4,6,3,0,743,3103,0.63,0.15,0.15,0.41,0.22,0.06,1.072,0.268,10.6,3.46,656302,2024,656302,762,29.4,8.5,0.266,0.283,32.4,8.5,38.6,78.282702241,94.084709267,32.4,48.2
aaron civale,29,281,"Maj-AL,Maj-NL","Milwaukee,Tampa Bay",31,30,7.0,9.0,,158.0,154,81,77,52,145,28,6,4.39,615,31,0,0,11,2,4,2,1,677,2648,0.64,0.19,0.09,0.36,0.27,0.08,1.304,0.284,8.3,2.79,650644,2024,650644,689,21.6,7.5,0.327,0.309,36.5,7.3,39.4,79.152007238,94.002413711,21.9,45.2
patrick corbin,34,286,Maj-NL,Washington,31,31,6.0,13.0,,170.1,201,110,105,53,137,23,3,5.55,680,41,7,1,16,8,23,7,2,746,2819,0.63,0.15,0.1,0.47,0.28,0.05,1.491,0.337,7.2,2.58,571578,2024,571578,764,18.2,7.1,0.357,0.357,37.3,8.3,46.7,79.877843129,95.30570991,22.4,48.2
nestor cortes,29,294,Maj-AL,New York,30,29,9.0,10.0,,169.1,157,70,69,37,157,23,4,3.67,641,43,0,0,10,4,8,5,5,688,2772,0.65,0.14,0.11,0.32,0.24,0.12,1.146,0.288,8.3,4.24,641482,2024,641482,710,22.8,5.5,0.307,0.295,35.0,7.9,43.6,79.122676225,94.470879177,24.2,50.4
kutter crawford,28,284,Maj-AL,Boston,32,32,9.0,16.0,,177.2,152,96,89,50,168,34,9,4.51,674,30,2,0,9,3,7,3,1,737,2738,0.68,0.16,0.12,0.33,0.22,0.12,1.137,0.248,8.5,3.36,676710,2024,676710,759,23.1,6.7,0.304,0.304,33.4,9.9,36.3,77.710617066,93.646279363,25.3,52.0
garrett crochet,25,285,Maj-AL,Chicago,30,30,6.0,11.0,,140.0,118,60,57,33,201,18,5,3.66,533,25,2,0,8,1,16,1,1,572,2304,0.68,0.14,0.16,0.45,0.24,0.05,1.079,0.317,12.9,6.09,676979,2024,676979,595,35.1,5.5,0.28,0.263,34.5,9.2,38.8,76.536271919,94.146127471,33.1,53.2
zach eflin,30,287,Maj-AL,"Baltimore,Tampa Bay",27,27,10.0,8.0,,159.2,160,65,60,23,129,19,2,3.38,630,28,2,0,6,3,5,4,0,659,2366,0.68,0.18,0.09,0.43,0.23,0.08,1.146,0.291,7.3,5.61,621107,2024,621107,684,19.6,3.5,0.297,0.297,30.0,7.5,36.1,76.388751434,94.040596667,21.6,50.0
nathan eovaldi,34,283,Maj-AL,Texas,28,28,12.0,8.0,,164.2,143,72,70,41,163,23,6,3.83,623,26,1,0,8,4,13,0,1,674,2533,0.68,0.16,0.13,0.49,0.23,0.04,1.117,0.272,8.9,3.98,543135,2024,543135,696,23.9,6.0,0.291,0.306,33.5,7.7,42.6,77.906442017,94.485768718,26.8,52.2
joey estes,22,284,Maj-AL,Oakland,25,24,7.0,9.0,,127.2,130,73,71,27,92,23,10,5.01,501,34,2,1,6,5,4,1,0,543,2027,0.69,0.14,0.09,0.25,0.26,0.14,1.23,0.274,6.5,3.41,683155,2024,683155,543,16.9,5.0,0.333,0.324,37.2,9.7,39.6,79.114875902,94.154264829,19.2,55.5
bailey falter,27,283,Maj-NL,Pittsburgh,27,27,8.0,9.0,,138.1,133,66,64,42,95,15,0,4.16,514,33,1,0,19,5,18,5,0,569,2071,0.66,0.17,0.09,0.38,0.26,0.08,1.265,0.289,6.2,2.26,663559,2024,663559,589,16.5,7.6,0.32,0.336,36.6,9.0,41.3,79.920380413,94.430660482,19.6,49.5
erick fedde,31,287,"Maj-AL,Maj-NL","Chicago,St. Louis",30,30,9.0,9.0,,172.2,149,64,63,51,147,18,5,3.28,642,30,4,0,12,7,10,3,2,706,2795,0.62,0.16,0.09,0.42,0.22,0.08,1.158,0.271,7.7,2.88,607200,2024,607200,726,21.2,7.2,0.293,0.306,32.4,7.6,37.7,77.502500545,93.941632164,21.6,45.5
ryan feltner,27,283,Maj-NL,Colorado,29,29,3.0,9.0,,157.1,160,89,78,50,134,19,6,4.46,609,26,2,0,16,4,26,6,1,670,2488,0.64,0.16,0.1,0.45,0.25,0.04,1.335,0.307,7.7,2.68,663372,2024,663372,692,19.9,7.5,0.32,0.32,33.1,6.5,36.8,76.695048857,93.803345297,23.9,48.1
jack flaherty,28,287,"Maj-AL,Maj-NL","Detroit,Los Angeles",27,27,13.0,7.0,,156.0,131,60,56,38,187,23,3,3.23,583,17,5,0,7,1,10,4,1,626,2559,0.64,0.18,0.13,0.39,0.28,0.06,1.083,0.289,10.8,4.92,656427,2024,656427,649,29.9,5.9,0.288,0.292,36.1,7.7,35.9,77.445862362,93.776478992,32.1,46.2
chris flexen,29,286,Maj-AL,Chicago,33,31,3.0,15.0,,160.0,180,95,88,63,123,24,2,4.95,635,44,3,1,12,3,6,4,2,707,2801,0.61,0.15,0.1,0.36,0.27,0.09,1.519,0.318,6.9,1.95,623167,2024,623167,707,17.4,8.9,0.355,0.333,37.0,8.1,37.4,77.948608016,93.935523035,22.7,46.0
max fried,30,285,Maj-NL,Atlanta,28,28,11.0,10.0,,173.2,144,68,60,54,165,13,7,3.11,641,16,1,0,20,4,11,2,2,707,2721,0.64,0.18,0.1,0.6,0.21,0.03,1.14,0.281,8.6,3.06,608331,2024,608331,714,23.2,8.0,0.273,0.299,30.4,5.0,34.6,73.871292176,93.362715837,24.1,45.9
zac gallen,28,287,Maj-NL,Arizona,27,27,13.0,6.0,,143.0,130,61,59,52,153,13,3,3.71,543,27,5,0,14,2,18,2,0,600,2413,0.62,0.18,0.1,0.46,0.26,0.04,1.273,0.309,9.6,2.94,668678,2024,668678,621,25.1,8.7,0.301,0.308,34.9,7.4,41.0,79.81895601,94.40298237,26.0,44.2
kevin gausman,33,287,Maj-AL,Toronto,30,30,14.0,11.0,,176.2,163,85,76,56,156,19,1,3.87,678,41,3,0,10,3,19,4,4,740,2890,0.65,0.15,0.11,0.39,0.23,0.07,1.24,0.285,7.9,2.79,592332,2024,592332,756,21.4,7.4,0.3,0.333,35.5,9.7,42.4,79.496181832,94.740771683,23.4,49.9
kyle gibson,36,286,Maj-NL,St. Louis,30,30,8.0,8.0,,169.2,161,91,80,68,151,23,4,4.24,641,30,4,1,21,6,8,1,0,722,2764,0.6,0.17,0.1,0.44,0.24,0.06,1.35,0.292,8.0,2.22,502043,2024,502043,722,20.9,9.4,0.323,0.338,34.3,9.2,39.1,76.558654534,94.071640304,25.9,42.9
luis gil,26,284,Maj-AL,New York,29,29,15.0,7.0,,151.2,104,60,59,77,171,18,8,3.5,550,28,2,0,4,1,6,2,4,637,2662,0.61,0.15,0.12,0.35,0.24,0.11,1.193,0.238,10.1,2.22,661563,2024,661563,637,26.8,12.1,0.288,0.302,33.7,9.5,37.4,78.931048895,94.034939077,29.0,45.5
logan gilbert,27,283,Maj-AL,Seattle,32,32,9.0,12.0,,201.2,144,82,74,36,212,26,4,3.3,731,38,1,1,16,4,14,4,2,777,2951,0.65,0.15,0.15,0.45,0.24,0.07,0.893,0.237,9.5,5.89,669302,2024,669302,803,27.4,4.6,0.255,0.276,33.0,7.2,39.3,78.976067127,94.386132799,31.7,50.4
tyler glasnow,30,332,Maj-NL,Los Angeles,20,20,8.0,6.0,,123.0,88,50,49,30,160,14,0,3.59,447,27,2,0,9,1,13,4,0,480,1853,0.66,0.17,0.14,0.5,0.22,0.06,0.959,0.27,11.7,5.33,607192,2024,607192,522,32.2,6.7,0.258,0.254,32.5,8.5,40.1,78.136298153,94.139426422,30.9,48.4
austin gomber,30,287,Maj-NL,Colorado,29,29,5.0,12.0,,160.1,172,85,83,35,113,28,1,4.66,634,38,4,0,8,4,12,2,1,674,2530,0.66,0.17,0.09,0.38,0.27,0.06,1.291,0.29,6.3,3.23,596295,2024,596295,696,16.7,5.5,0.339,0.344,37.7,9.6,41.2,80.036265299,94.432492071,19.9,48.3
mackenzie gore,25,284,Maj-NL,Washington,32,32,10.0,12.0,,166.1,171,93,72,65,181,15,11,3.9,649,36,3,0,21,4,26,2,0,731,2995,0.64,0.14,0.12,0.4,0.3,0.05,1.419,0.341,9.8,2.78,669022,2024,669022,731,24.8,8.9,0.324,0.316,36.2,6.8,38.1,76.776975684,93.73951438,28.6,50.4
sonny gray,34,294,Maj-NL,St. Louis,28,28,13.0,9.0,,166.1,142,79,71,39,203,21,3,3.84,623,33,6,0,13,3,25,5,1,671,2484,0.66,0.18,0.14,0.44,0.26,0.05,1.088,0.301,11.0,5.21,543243,2024,543243,671,30.3,5.8,0.292,0.296,38.1,8.9,37.9,79.276406538,94.211961253,29.8,48.7
hunter greene,24,283,Maj-NL,Cincinnati,25,25,9.0,5.0,,145.2,91,45,44,53,162,12,19,2.72,509,18,3,0,4,5,11,3,2,589,2463,0.64,0.14,0.13,0.35,0.2,0.12,0.989,0.232,10.0,3.06,668881,2024,668881,611,27.7,9.3,0.265,0.271,29.0,5.2,32.5,76.321243094,93.167150497,29.7,50.6
kyle harrison,22,309,Maj-NL,San Francisco,23,23,6.0,7.0,,118.1,119,63,61,42,113,16,7,4.64,453,23,1,0,9,6,18,6,2,509,2002,0.64,0.18,0.1,0.42,0.23,0.06,1.361,0.312,8.6,2.69,690986,2024,690986,532,22.2,7.9,0.33,0.338,34.2,10.1,44.1,80.405098066,94.933663315,23.6,46.2
andrew heaney,33,284,Maj-AL,Texas,32,31,5.0,14.0,,160.0,159,84,76,41,159,23,12,4.28,634,30,1,1,6,3,8,1,0,693,2732,0.66,0.15,0.12,0.34,0.28,0.07,1.25,0.299,8.9,3.88,571760,2024,571760,693,22.9,5.9,0.312,0.325,37.4,8.3,40.1,78.990582236,94.388347616,26.3,50.3
kyle hendricks,34,284,Maj-NL,Chicago,28,23,4.0,11.0,,127.0,138,83,81,41,85,19,3,5.74,495,14,1,0,5,7,14,7,2,546,2063,0.65,0.19,0.08,0.45,0.24,0.08,1.409,0.299,6.0,2.07,543294,2024,543294,567,15.3,7.6,0.339,0.336,36.4,7.4,33.4,73.587198843,93.098027796,18.9,46.2
tanner houck,28,289,Maj-AL,Boston,30,30,9.0,10.0,,178.2,156,75,62,48,154,11,16,3.12,674,27,0,1,16,4,11,1,0,743,2735,0.66,0.19,0.1,0.55,0.24,0.04,1.142,0.283,7.8,3.21,656557,2024,656557,743,20.7,6.5,0.276,0.313,30.2,5.7,41.8,78.489312385,94.430703969,22.6,46.8
shota imanaga,30,290,Maj-NL,Chicago,29,29,15.0,3.0,,173.1,149,66,56,28,174,27,3,2.91,662,23,1,0,7,1,3,2,3,694,2587,0.69,0.13,0.15,0.37,0.21,0.09,1.021,0.264,9.0,6.21,684007,2024,684007,694,25.1,4.0,0.279,0.286,36.0,8.6,39.3,77.586230864,93.931424733,28.3,55.7
jake irvin,27,283,Maj-NL,Washington,32,32,10.0,14.0,,182.2,166,94,89,50,152,29,4,4.39,691,37,2,1,18,1,5,3,2,748,2966,0.65,0.17,0.1,0.45,0.22,0.07,1.182,0.268,7.5,3.04,663623,2024,663623,769,20.3,6.8,0.314,0.32,33.0,9.2,39.1,77.537675273,94.341422273,22.3,48.5
jared jones,22,285,Maj-NL,Pittsburgh,21,21,5.0,8.0,,116.0,103,57,53,37,122,18,5,4.11,435,28,4,1,10,4,5,2,2,481,1823,0.67,0.15,0.14,0.39,0.24,0.08,1.207,0.284,9.5,3.3,683003,2024,683003,504,26.2,7.7,0.314,0.311,36.9,9.8,44.5,79.019910366,94.534128685,30.2,51.6
mitch keller,28,286,Maj-NL,Pittsburgh,30,30,11.0,12.0,,172.1,175,85,80,48,163,23,14,4.18,674,36,11,0,10,7,32,1,0,746,2766,0.66,0.19,0.09,0.4,0.28,0.05,1.294,0.307,8.5,3.4,656605,2024,656605,773,21.5,6.5,0.331,0.32,38.0,7.2,39.3,77.859026134,94.078079089,21.5,47.6
yusei kikuchi,33,287,Maj-AL,"Houston,Toronto",31,31,9.0,9.0,,171.1,161,82,76,41,202,24,2,3.99,664,23,1,0,7,3,8,4,0,714,2830,0.65,0.17,0.13,0.42,0.23,0.05,1.179,0.311,10.6,4.93,579328,2024,579328,736,28.0,6.0,0.297,0.298,33.5,9.7,45.0,79.146503958,94.844128643,29.0,48.4
michael king,29,281,Maj-NL,San Diego,30,30,13.0,9.0,,173.1,143,66,52,53,202,15,7,2.7,651,27,2,2,8,1,8,3,3,714,2821,0.65,0.19,0.12,0.41,0.26,0.08,1.131,0.294,10.5,3.81,650633,2024,650633,726,27.7,8.7,0.284,0.293,35.2,6.2,30.3,73.981359732,92.671656987,29.3,45.4
george kirby,26,287,Maj-AL,Seattle,32,32,13.0,11.0,,184.1,179,82,75,21,171,22,7,3.66,718,38,3,0,8,5,23,6,0,754,2869,0.68,0.15,0.11,0.43,0.21,0.09,1.085,0.296,8.3,8.14,669923,2024,669923,778,23.0,3.0,0.287,0.288,30.5,8.1,36.3,78.774593274,93.753520357,24.1,53.4
dean kremer,28,288,Maj-AL,Baltimore,24,24,8.0,10.0,,129.2,110,72,59,51,123,18,3,4.1,493,19,0,0,6,5,6,3,1,553,2171,0.64,0.18,0.09,0.42,0.19,0.1,1.242,0.258,8.5,2.41,665152,2024,665152,553,22.2,9.2,0.294,0.326,31.1,9.8,35.4,75.880741892,93.507892033,23.3,46.2
zack littell,28,287,Maj-AL,Tampa Bay,28,28,7.0,10.0,,150.1,160,68,63,29,135,22,5,3.77,598,29,2,0,11,0,6,3,1,634,2394,0.68,0.16,0.11,0.34,0.28,0.1,1.257,0.313,8.1,4.66,641793,2024,641793,656,21.5,4.7,0.317,0.321,36.2,9.6,39.2,78.590295546,94.137344568,23.1,51.9
ben lively,32,284,Maj-AL,Cleveland,29,29,13.0,10.0,,151.0,139,67,64,49,118,23,5,3.81,577,26,4,0,10,1,12,3,3,632,2406,0.65,0.19,0.08,0.43,0.21,0.08,1.245,0.265,7.0,2.41,594902,2024,594902,632,18.7,7.8,0.315,0.309,30.7,6.5,41.5,80.455663231,94.191914792,18.6,46.6
pablo lopez,28,285,Maj-AL,Minnesota,31,31,14.0,10.0,,178.1,176,89,83,41,191,25,8,4.19,691,31,0,0,10,4,11,1,2,748,2898,0.67,0.15,0.13,0.44,0.25,0.05,1.217,0.315,9.6,4.66,641154,2024,641154,772,25.6,5.3,0.306,0.297,35.9,8.2,37.5,76.717040308,93.587928673,27.0,51.8
reynaldo lopez,30,282,Maj-NL,Atlanta,26,25,8.0,5.0,,135.2,108,32,30,42,148,10,2,1.99,492,22,2,0,14,6,20,1,0,543,2110,0.65,0.16,0.12,0.4,0.29,0.06,1.106,0.288,9.8,3.52,625643,2024,625643,543,27.3,7.7,0.271,0.307,37.3,8.8,42.2,79.439650977,94.317767471,27.5,49.0
michael lorenzen,32,284,Maj-AL,"Kansas City,Texas",26,24,7.0,6.0,,130.1,101,49,48,60,97,17,6,3.31,468,20,1,0,14,2,6,5,0,536,2093,0.61,0.17,0.09,0.42,0.22,0.1,1.235,0.236,6.7,1.62,547179,2024,547179,535,18.1,11.0,0.303,0.329,32.2,8.0,39.4,76.902993817,94.185249946,22.8,44.7
seth lugo,34,284,Maj-AL,Kansas City,32,32,16.0,9.0,,200.2,175,75,69,47,177,16,8,3.09,753,36,6,1,18,4,5,4,1,814,3026,0.65,0.19,0.09,0.45,0.25,0.05,1.106,0.282,7.9,3.77,607625,2024,607625,836,21.7,5.7,0.278,0.3,32.8,8.0,39.0,77.299278949,93.994017356,22.5,46.7
lance lynn,37,295,Maj-NL,St. Louis,22,22,7.0,4.0,,113.1,109,64,50,43,104,16,4,3.97,442,21,1,0,7,4,16,3,1,494,1970,0.62,0.14,0.1,0.37,0.27,0.09,1.341,0.285,8.3,2.42,458681,2024,458681,511,21.3,8.6,0.314,0.34,37.0,10.5,39.3,77.577234686,94.259379457,24.1,48.4
sean manaea,32,285,Maj-NL,New York,32,32,12.0,6.0,,181.2,134,75,70,63,184,21,9,3.47,662,27,0,0,11,3,23,3,6,738,2996,0.65,0.16,0.12,0.38,0.25,0.08,1.084,0.246,9.1,2.92,640455,2024,640455,738,24.9,8.5,0.275,0.3,37.0,7.5,37.8,77.674456946,93.857812243,26.1,49.0
alec marsh,26,283,Maj-AL,Kansas City,26,25,9.0,9.0,,129.0,123,70,65,39,123,19,11,4.53,493,28,3,1,9,4,9,2,5,548,2161,0.64,0.17,0.1,0.39,0.26,0.09,1.256,0.293,8.6,3.15,679525,2024,679525,548,22.4,7.1,0.325,0.341,38.0,9.6,40.9,78.827178162,94.623945041,23.5,47.6
nick martinez,33,285,Maj-NL,Cincinnati,41,15,10.0,7.0,,137.1,122,53,46,17,113,12,4,3.01,519,32,2,0,9,3,8,3,4,547,2035,0.68,0.17,0.11,0.38,0.25,0.09,1.012,0.277,7.4,6.65,607259,2024,607259,570,20.4,3.2,0.279,0.278,34.0,5.1,30.5,74.850496934,92.978959505,23.1,51.1
miles mikolas,35,285,Maj-NL,St. Louis,31,31,10.0,10.0,,167.1,187,101,97,23,117,24,5,5.22,666,50,4,0,17,5,8,2,0,700,2631,0.69,0.19,0.07,0.42,0.25,0.07,1.255,0.308,6.3,5.09,571945,2024,571945,720,16.9,3.5,0.339,0.331,38.1,8.1,42.3,77.511449435,94.25374515,16.4,49.8
bryce miller,25,289,Maj-AL,Seattle,30,30,12.0,7.0,,175.1,125,58,55,43,165,19,3,2.82,634,25,1,1,6,2,10,7,1,682,2658,0.65,0.16,0.11,0.39,0.21,0.07,0.958,0.235,8.5,3.84,682243,2024,682243,704,24.3,6.4,0.26,0.299,32.8,9.7,41.2,80.650222167,94.328141625,24.4,48.9
frankie montas,31,285,Maj-NL,"Cincinnati,Milwaukee",29,29,6.0,11.0,,144.2,136,89,81,66,144,24,6,5.04,555,28,1,0,6,5,17,7,1,634,2552,0.63,0.14,0.11,0.41,0.27,0.06,1.396,0.286,9.0,2.18,593423,2024,593423,655,22.6,10.1,0.325,0.333,36.2,9.2,43.1,77.762357972,94.576313396,24.9,48.7
jordan montgomery,31,290,Maj-NL,Arizona,25,21,8.0,7.0,1.0,117.0,149,83,81,44,83,14,2,6.23,478,40,3,3,9,4,14,4,3,532,1931,0.63,0.13,0.12,0.43,0.28,0.04,1.65,0.351,6.4,1.89,656756,2024,656756,532,15.6,8.3,0.37,0.347,36.6,6.0,41.0,77.212722234,94.218289135,26.9,49.6
charlie morton,40,283,Maj-NL,Atlanta,30,30,8.0,10.0,,165.1,154,85,77,65,167,23,18,4.19,613,35,2,1,20,4,12,7,9,701,2791,0.63,0.17,0.11,0.47,0.25,0.04,1.325,0.307,9.1,2.57,450203,2024,450203,701,23.8,9.3,0.335,0.326,33.0,9.3,38.4,77.729736875,93.929105313,26.1,46.6
tobias myers,25,284,Maj-NL,Milwaukee,27,25,9.0,6.0,,138.0,126,52,46,36,127,18,5,3.0,520,19,1,0,11,5,5,5,4,569,2152,0.66,0.16,0.09,0.38,0.28,0.09,1.174,0.284,8.3,3.53,668964,2024,668964,569,22.3,6.3,0.297,0.317,36.4,8.0,38.7,79.298209695,94.361623995,21.3,49.6
ryne nelson,26,283,Maj-NL,Arizona,28,25,10.0,6.0,1.0,150.2,155,73,71,34,126,17,5,4.24,583,36,9,2,18,7,2,0,0,630,2407,0.68,0.16,0.08,0.42,0.28,0.06,1.254,0.309,7.5,3.71,669194,2024,669194,630,20.0,5.4,0.322,0.315,34.5,7.5,41.6,79.83287319,94.487586272,18.2,51.8
aaron nola,31,283,Maj-NL,Philadelphia,32,32,14.0,7.0,,195.0,178,77,73,49,194,28,3,3.37,741,36,2,0,9,3,12,6,1,796,3108,0.66,0.17,0.11,0.44,0.24,0.07,1.164,0.287,9.0,3.96,605400,2024,605400,820,24.0,6.1,0.31,0.299,35.4,7.2,38.2,77.265343569,94.038174053,25.2,48.6
bailey ober,28,283,Maj-AL,Minnesota,30,30,12.0,8.0,,177.1,127,73,71,42,190,24,6,3.6,642,28,4,0,9,4,3,2,1,695,2643,0.68,0.15,0.14,0.35,0.2,0.1,0.953,0.238,9.6,4.52,641927,2024,641927,709,26.9,6.1,0.282,0.279,34.8,8.3,34.3,76.699154464,93.270078151,29.0,52.4
luis ortiz,25,287,Maj-NL,Pittsburgh,35,15,6.0,6.0,1.0,131.2,109,56,50,39,106,16,9,3.42,490,21,4,1,12,5,7,1,1,543,2110,0.64,0.16,0.09,0.39,0.22,0.07,1.124,0.249,7.2,2.72,682847,2024,682847,556,19.2,7.6,0.287,0.32,34.9,8.8,37.7,78.240775528,94.10121864,21.0,48.1
andre pallante,25,284,Maj-NL,St. Louis,27,20,8.0,8.0,,118.1,107,52,48,47,91,7,2,3.65,446,20,0,0,12,0,26,6,3,496,1932,0.62,0.16,0.08,0.62,0.19,0.03,1.301,0.287,6.9,1.94,669467,2024,669467,509,18.5,9.4,0.293,0.289,24.4,3.3,38.1,75.339766989,93.795724801,19.8,46.4
mitchell parker,24,288,Maj-NL,Washington,29,29,7.0,10.0,,151.0,154,82,72,43,133,18,2,4.29,595,31,2,0,9,5,4,1,2,646,2404,0.67,0.15,0.1,0.39,0.27,0.06,1.305,0.303,7.9,3.09,680730,2024,680730,646,20.6,6.7,0.311,0.322,35.3,8.1,38.9,79.509350699,94.140672817,22.3,51.4
ryan pepiot,26,283,Maj-AL,Tampa Bay,26,26,8.0,8.0,,130.0,102,58,52,48,142,17,7,3.6,481,18,2,0,6,2,9,4,0,539,2150,0.64,0.16,0.13,0.35,0.24,0.12,1.154,0.262,9.8,2.96,686752,2024,686752,539,26.3,8.9,0.29,0.295,31.4,9.1,37.2,79.441531647,93.814038824,29.9,48.0
freddy peralta,28,281,Maj-NL,Milwaukee,32,32,10.0,9.0,,171.2,144,76,73,68,197,25,10,3.83,634,24,2,0,8,5,17,5,2,721,3042,0.61,0.14,0.13,0.37,0.24,0.1,1.235,0.285,10.3,2.9,642547,2024,642547,725,27.6,9.4,0.305,0.304,35.3,8.7,36.9,75.95026724,93.640809751,31.1,46.9
martin perez,33,283,Maj-NL,"Pittsburgh,San Diego",25,25,5.0,6.0,,130.2,145,70,67,46,105,22,5,4.61,515,27,0,0,16,1,4,4,0,569,2118,0.65,0.19,0.09,0.43,0.27,0.06,1.462,0.316,7.2,2.28,527048,2024,527048,590,18.1,8.3,0.351,0.353,34.3,8.6,41.5,76.89241338,94.749829061,21.0,46.0
david peterson,28,283,Maj-NL,New York,21,21,10.0,3.0,,121.0,110,44,39,46,101,8,7,2.9,453,22,1,0,11,3,5,2,7,510,1872,0.65,0.17,0.11,0.51,0.24,0.04,1.289,0.294,7.5,2.2,656849,2024,656849,510,19.8,9.0,0.299,0.328,35.7,7.3,42.7,78.331204972,94.426613853,25.6,47.8
brandon pfaadt,25,283,Maj-NL,Arizona,31,31,10.0,10.0,,176.2,178,102,94,42,179,24,2,4.79,688,31,6,1,15,5,7,3,1,739,2707,0.67,0.18,0.12,0.42,0.23,0.06,1.245,0.314,9.1,4.26,694297,2024,694297,760,24.3,5.5,0.312,0.301,33.0,8.1,39.4,78.684914866,94.224942476,25.4,49.3
nick pivetta,31,285,Maj-AL,Boston,25,25,6.0,10.0,,133.2,121,66,64,36,152,26,1,4.31,510,23,4,1,8,4,8,3,1,551,2210,0.66,0.16,0.11,0.34,0.24,0.09,1.175,0.283,10.2,4.22,601713,2024,601713,595,28.9,6.1,0.306,0.291,38.9,10.1,38.9,79.225758698,93.96201671,25.6,50.3
cal quantrill,29,285,Maj-NL,Colorado,28,28,8.0,10.0,,143.1,147,78,77,68,109,21,11,4.83,548,25,6,0,17,3,13,8,3,632,2556,0.61,0.15,0.09,0.45,0.25,0.05,1.5,0.299,6.8,1.6,615698,2024,615698,656,16.8,10.5,0.358,0.351,37.1,7.3,41.2,77.92321026,94.354738243,21.6,45.7
jose quintana,35,284,Maj-NL,New York,30,30,10.0,9.0,,165.2,144,71,69,61,131,21,11,3.75,616,29,3,0,18,4,8,2,0,696,2734,0.6,0.16,0.09,0.48,0.23,0.05,1.237,0.263,7.1,2.15,500779,2024,500779,717,18.8,8.8,0.312,0.327,32.9,6.7,38.2,76.44604848,93.89600374,22.2,43.1
cole ragans,26,281,Maj-AL,Kansas City,32,32,12.0,8.0,,186.1,145,69,63,64,222,14,6,3.04,684,33,3,0,11,1,8,3,2,758,3101,0.64,0.15,0.14,0.41,0.23,0.08,1.122,0.292,10.7,3.47,666142,2024,666142,762,29.3,8.8,0.277,0.283,31.8,6.2,35.4,77.675891223,93.553010853,32.0,48.9
colin rea,33,283,Maj-NL,Milwaukee,31,26,11.0,6.0,1.0,162.2,164,82,79,41,133,29,10,4.37,636,32,2,1,13,4,16,2,6,692,2566,0.65,0.19,0.08,0.4,0.24,0.06,1.26,0.282,7.4,3.24,607067,2024,607067,714,18.9,6.0,0.327,0.339,36.3,8.7,42.0,80.213678192,94.594415173,19.3,46.8
carlos rodon,31,285,Maj-AL,New York,31,31,16.0,9.0,,170.2,152,80,76,54,191,31,10,4.01,649,31,4,0,8,2,18,4,2,715,3015,0.64,0.15,0.14,0.35,0.21,0.08,1.207,0.282,10.1,3.54,607074,2024,607074,736,26.5,7.7,0.32,0.314,34.6,11.0,40.9,80.220048043,94.543522745,30.1,49.4
trevor rogers,26,324,"Maj-AL,Maj-NL","Baltimore,Miami",24,24,2.0,11.0,,119.1,133,70,64,52,91,14,4,4.83,469,37,2,2,8,10,13,6,5,536,2146,0.62,0.16,0.09,0.47,0.22,0.06,1.55,0.318,6.9,1.75,669432,2024,669432,562,17.3,10.0,0.35,0.347,33.3,8.4,44.4,80.391399303,94.92394505,20.9,46.2
joe ryan,28,336,Maj-AL,Minnesota,22,22,7.0,7.0,,129.2,107,58,53,22,142,19,5,3.68,488,22,6,0,6,3,11,2,2,518,2021,0.68,0.17,0.13,0.37,0.23,0.11,0.995,0.267,9.9,6.45,657746,2024,657746,538,27.3,4.3,0.282,0.264,33.6,8.5,36.6,77.148522833,93.914347298,26.6,50.9
chris sale,35,293,Maj-NL,Atlanta,28,28,18.0,3.0,,172.1,136,46,45,37,218,8,7,2.35,633,32,4,0,8,1,12,4,2,680,2734,0.67,0.18,0.14,0.46,0.26,0.04,1.004,0.314,11.4,5.89,519242,2024,519242,702,32.1,5.6,0.26,0.261,34.9,5.6,31.2,75.016805094,93.046190662,31.0,49.0
cristopher sanchez,27,287,Maj-NL,Philadelphia,31,31,11.0,9.0,,181.2,182,76,67,44,153,11,0,3.32,706,34,2,0,18,1,14,6,1,754,2797,0.68,0.16,0.11,0.58,0.24,0.02,1.244,0.315,7.6,3.48,650911,2024,650911,754,20.3,5.8,0.29,0.293,30.2,5.4,34.5,75.18960646,93.870693047,24.3,51.6
jp sears,28,285,Maj-AL,Oakland,31,31,11.0,12.0,,177.1,166,88,83,47,136,28,13,4.21,669,37,2,0,15,6,19,4,1,738,2774,0.65,0.17,0.1,0.39,0.19,0.11,1.201,0.27,6.9,2.89,676664,2024,676664,758,18.1,6.5,0.324,0.324,32.7,10.2,40.2,78.173332182,94.379787855,21.8,48.7
luis severino,30,281,Maj-NL,New York,31,31,12.0,6.0,,183.0,163,84,79,62,158,22,12,3.89,682,25,2,0,16,1,14,5,7,762,2908,0.65,0.15,0.1,0.46,0.2,0.09,1.23,0.28,7.8,2.55,622663,2024,622663,761,21.2,7.9,0.308,0.305,30.4,5.7,35.6,75.272418577,93.515669191,22.0,50.6
brady singer,27,285,Maj-AL,Kansas City,31,31,8.0,13.0,,172.2,172,77,74,53,160,22,8,3.86,669,31,3,0,14,1,3,6,1,735,2870,0.63,0.18,0.1,0.47,0.27,0.04,1.303,0.307,8.3,3.02,663903,2024,663903,762,22.3,7.1,0.316,0.331,35.6,8.0,41.7,77.275001577,94.431135896,25.1,44.7
paul skenes,22,284,Maj-NL,Pittsburgh,23,23,11.0,3.0,,133.0,94,31,29,32,170,10,6,1.96,475,14,1,0,15,1,6,1,4,514,2127,0.66,0.16,0.13,0.52,0.2,0.07,0.947,0.284,11.5,5.31,694973,2024,694973,514,33.1,6.2,0.247,0.248,27.8,5.2,36.3,76.618528618,93.629853102,28.7,49.8
tarik skubal,27,281,Maj-AL,Detroit,31,31,18.0,4.0,,192.0,143,54,51,36,228,15,9,2.39,706,24,4,0,12,3,3,3,0,755,2871,0.69,0.18,0.14,0.46,0.22,0.07,0.932,0.275,10.7,6.33,669373,2024,669373,753,30.3,4.6,0.246,0.257,33.1,6.7,33.9,76.236530506,93.34039981,31.9,51.8
mitch spence,26,283,Maj-AL,Oakland,34,24,8.0,10.0,,148.1,163,78,76,41,123,20,6,4.61,588,39,3,0,12,2,14,6,0,638,2426,0.65,0.14,0.1,0.49,0.22,0.06,1.375,0.32,7.5,3.0,687765,2024,687765,651,19.4,6.8,0.34,0.314,30.9,8.4,41.7,78.960464768,94.185021142,22.5,50.6
justin steele,28,288,Maj-NL,Chicago,23,23,5.0,5.0,,130.0,108,53,45,36,129,12,4,3.12,491,21,0,0,5,2,9,2,1,537,1979,0.69,0.17,0.11,0.46,0.23,0.09,1.108,0.273,8.9,3.58,657006,2024,657006,555,24.3,6.7,0.271,0.258,30.9,4.2,33.2,75.731326576,93.083319918,23.7,51.5
gavin stone,25,312,Maj-NL,Los Angeles,24,24,11.0,5.0,,135.1,126,52,52,36,110,18,2,3.46,516,24,2,0,11,3,8,1,1,557,2067,0.65,0.15,0.11,0.45,0.25,0.05,1.197,0.276,7.3,3.06,694813,2024,694813,580,20.0,6.4,0.304,0.306,32.5,6.4,36.2,77.107440095,93.702925548,24.7,50.4
marcus stroman,33,287,Maj-AL,New York,29,28,9.0,9.0,1.0,148.2,163,78,74,58,109,19,7,4.48,581,26,4,0,15,3,25,5,1,650,2566,0.61,0.17,0.08,0.5,0.22,0.05,1.487,0.316,6.6,1.88,573186,2024,573186,675,16.7,8.9,0.341,0.34,35.5,6.7,40.2,78.437503663,94.344487814,20.4,43.9
albert suarez,34,283,Maj-AL,Baltimore,32,24,9.0,7.0,,133.2,130,56,55,43,108,17,3,3.7,510,34,1,1,8,5,10,3,0,565,2234,0.62,0.12,0.11,0.36,0.26,0.07,1.294,0.29,7.3,2.51,544150,2024,544150,565,19.1,7.6,0.32,0.311,38.0,7.1,38.4,78.437722921,93.664169109,24.6,50.4
ranger suarez,28,285,Maj-NL,Philadelphia,26,26,12.0,8.0,,145.2,137,60,55,40,138,13,5,3.4,558,31,2,1,8,1,8,3,2,608,2272,0.65,0.18,0.09,0.53,0.25,0.04,1.215,0.304,8.5,3.45,624133,2024,624133,626,23.2,6.5,0.297,0.297,32.9,5.1,34.3,74.743507217,93.618829764,21.9,47.3
jameson taillon,32,285,Maj-NL,Chicago,28,28,12.0,8.0,,165.1,154,67,60,33,125,21,1,3.27,633,24,2,0,8,4,14,0,1,675,2483,0.66,0.18,0.09,0.4,0.23,0.06,1.131,0.271,6.8,3.79,592791,2024,592791,675,18.5,4.9,0.289,0.311,32.2,7.2,38.8,79.650003386,94.067909961,19.5,48.2
framber valdez,30,281,Maj-AL,Houston,28,28,15.0,8.0,,176.0,142,60,57,51,167,13,5,2.91,637,25,1,0,30,6,10,1,0,701,2592,0.64,0.18,0.11,0.61,0.22,0.01,1.097,0.279,8.5,3.27,664285,2024,664285,703,24.0,7.8,0.272,0.287,26.0,5.3,45.0,80.000726364,94.620557662,27.2,45.0
michael wacha,32,286,Maj-AL,Kansas City,29,29,13.0,8.0,,166.2,154,65,62,45,145,17,5,3.35,625,29,4,1,17,4,4,2,0,685,2603,0.64,0.16,0.1,0.4,0.24,0.1,1.194,0.293,7.8,3.22,608379,2024,608379,685,21.2,6.6,0.3,0.311,32.7,8.2,32.5,75.614261583,93.109005646,23.3,48.5
matt waldron,27,283,Maj-NL,San Diego,27,26,7.0,11.0,,146.2,145,84,80,40,133,21,11,4.91,568,32,2,0,10,3,16,2,1,625,2450,0.64,0.19,0.09,0.39,0.23,0.1,1.261,0.297,8.2,3.33,663362,2024,663362,625,21.3,6.4,0.323,0.313,33.9,7.0,35.0,77.177450505,93.585477592,20.8,45.3
logan webb,27,288,Maj-NL,San Francisco,32,32,13.0,10.0,,198.2,197,81,77,48,167,11,2,3.49,761,35,4,2,24,5,20,5,3,817,3105,0.66,0.2,0.08,0.57,0.23,0.02,1.233,0.316,7.6,3.48,657277,2024,657277,841,20.5,5.9,0.288,0.32,32.1,7.0,46.2,77.927662825,95.233452829,20.8,46.2
zack wheeler,34,284,Maj-NL,Philadelphia,31,31,16.0,7.0,,194.0,134,62,57,52,219,20,8,2.64,700,27,5,0,13,3,7,2,1,764,3046,0.65,0.14,0.13,0.43,0.21,0.1,0.959,0.246,10.2,4.21,554430,2024,554430,787,28.5,6.6,0.256,0.261,32.6,8.3,33.6,74.93491968,93.046728036,27.5,51.2
simeon woods richardson,23,287,Maj-AL,Minnesota,28,28,5.0,5.0,,133.2,125,63,62,48,117,16,3,4.17,509,21,1,0,4,7,11,2,3,569,2295,0.65,0.16,0.1,0.36,0.24,0.09,1.294,0.285,7.9,2.44,680573,2024,680573,569,20.6,8.4,0.305,0.31,35.7,8.2,36.2,78.06318392,93.54377801,22.3,49.8
andrew abbott,26,0,Maj-NL,Cincinnati,16,16,8.0,1.0,,91.1,75,26,21,24,83,10,1,2.07,342,14,0,0,5,1,7,1,2,369,1459,0.66,0.16,0.11,0.32,0.24,0.09,1.084,0.26,8.2,3.46,671096,2025,671096,369,22.5,6.5,0.274,0.291,34.5,7.7,33.0,78.596852266,93.127914431,24.1,50.1
sandy alcantara,29,0,Maj-NL,Miami,17,17,4.0,9.0,,86.1,96,72,71,33,64,12,4,7.4,345,25,0,0,2,8,20,0,0,391,1510,0.64,0.16,0.08,0.45,0.26,0.03,1.494,0.303,6.7,1.94,645261,2025,645261,411,17.3,9.0,0.339,0.355,34.6,9.1,44.6,80.169566577,94.979918889,19.6,47.5
logan allen,26,4,Maj-AL,Cleveland,17,16,5.0,7.0,,84.0,84,42,38,36,65,10,2,4.07,320,14,0,0,7,4,6,5,3,364,1483,0.61,0.18,0.07,0.44,0.2,0.08,1.429,0.297,7.0,1.81,671106,2025,671106,364,17.9,9.9,0.326,0.339,30.4,9.6,34.2,76.385070078,93.711695814,19.0,42.9
tyler anderson,35,3,Maj-AL,Los Angeles,17,17,2.0,6.0,,91.2,90,46,42,35,75,14,3,4.12,359,21,3,4,3,4,8,1,1,401,1579,0.64,0.15,0.12,0.32,0.26,0.09,1.364,0.277,7.4,2.14,542881,2025,542881,423,18.7,8.7,0.332,0.337,43.4,9.2,35.5,76.756554474,93.752161023,25.9,49.2
chris bassitt,36,1,Maj-AL,Toronto,18,18,8.0,4.0,,100.0,107,50,48,27,96,13,9,4.32,397,19,2,0,9,1,10,2,1,434,1645,0.65,0.17,0.1,0.44,0.25,0.1,1.34,0.325,8.6,3.56,605135,2025,605135,461,22.3,6.3,0.331,0.316,32.8,7.5,34.1,74.374771447,93.456853365,22.5,48.4
shane baz,26,2,Maj-AL,Tampa Bay,18,18,8.0,4.0,,103.2,93,50,50,38,104,17,5,4.34,389,20,0,0,14,1,10,0,0,434,1649,0.65,0.16,0.12,0.49,0.2,0.08,1.264,0.283,9.0,2.74,669358,2025,669358,434,24.0,8.8,0.323,0.314,28.6,10.5,41.8,78.36012986,94.572429755,25.9,48.2
brayan bello,26,1,Maj-AL,Boston,15,14,5.0,3.0,,85.1,77,36,31,34,65,9,7,3.27,318,8,0,0,9,1,9,5,3,362,1395,0.61,0.16,0.08,0.53,0.21,0.05,1.301,0.278,6.9,1.91,678394,2025,678394,362,18.0,9.4,0.307,0.335,28.9,7.4,37.9,77.330281811,94.002535827,19.3,44.9
jose berrios,31,2,Maj-AL,Toronto,18,18,5.0,2.0,,107.1,88,39,38,37,91,10,5,3.19,392,18,2,2,12,1,6,2,2,436,1582,0.64,0.17,0.1,0.4,0.24,0.1,1.165,0.267,7.6,2.46,621244,2025,621244,460,20.9,8.5,0.304,0.341,33.1,10.6,41.3,79.396331824,94.599426404,23.0,46.8
tanner bibee,26,2,Maj-AL,Cleveland,17,17,3.0,9.0,,97.2,94,53,50,29,88,17,7,4.61,374,12,1,1,5,2,11,2,3,414,1643,0.64,0.18,0.1,0.46,0.2,0.06,1.259,0.284,8.1,3.03,676440,2025,676440,434,20.7,7.1,0.318,0.309,28.8,8.5,38.2,77.091275497,94.104342957,24.0,45.0
hayden birdsong,23,3,Maj-NL,San Francisco,20,9,4.0,3.0,,65.2,60,37,30,33,68,10,4,4.11,251,11,2,0,4,3,1,1,1,292,1169,0.6,0.15,0.11,0.34,0.24,0.11,1.416,0.284,9.3,2.06,806185,2025,806185,292,23.3,11.3,0.331,0.333,35.8,9.6,46.5,79.089471075,94.633378333,28.5,44.5
matthew boyd,34,3,Maj-NL,Chicago,17,17,9.0,3.0,,98.2,84,34,29,20,91,10,5,2.65,361,13,2,0,9,4,4,2,9,391,1513,0.68,0.15,0.1,0.37,0.22,0.11,1.054,0.28,8.3,4.55,571510,2025,571510,413,23.2,5.6,0.281,0.293,32.2,8.0,37.4,77.162227762,93.784149056,22.5,52.2
taj bradley,24,4,Maj-AL,Tampa Bay,17,17,4.0,6.0,,91.2,85,58,50,37,77,12,3,4.91,347,16,0,0,11,4,1,2,0,391,1480,0.63,0.15,0.09,0.48,0.21,0.07,1.331,0.279,7.6,2.08,671737,2025,671737,414,20.3,8.9,0.311,0.31,29.8,5.9,38.3,77.702869783,94.041383007,22.1,48.4
ben brown,25,16,Maj-NL,Chicago,14,13,3.0,5.0,,71.2,84,49,49,22,81,12,4,6.15,294,10,4,0,4,1,7,0,0,321,1196,0.66,0.18,0.12,0.41,0.24,0.06,1.479,0.356,10.2,3.68,676962,2025,676962,359,25.3,7.5,0.355,0.347,36.3,11.8,48.1,83.006485726,95.628106524,27.8,47.9
hunter brown,26,1,Maj-AL,Houston,17,17,9.0,2.0,,104.0,67,25,25,29,122,10,3,2.16,364,8,1,1,11,0,14,4,1,396,1620,0.62,0.17,0.12,0.47,0.22,0.07,0.923,0.246,10.6,4.21,686613,2025,686613,419,30.8,7.6,0.248,0.28,31.4,6.3,32.5,73.857827953,93.377820945,29.0,45.0
kris bubic,27,0,Maj-AL,Kansas City,17,17,6.0,6.0,,102.2,89,34,30,32,105,6,2,2.63,382,19,3,1,13,2,2,3,0,418,1568,0.67,0.17,0.14,0.45,0.27,0.06,1.179,0.304,9.2,3.28,663460,2025,663460,442,25.6,7.7,0.279,0.285,33.6,7.2,40.4,76.510620205,94.152682131,29.4,49.9
walker buehler,30,4,Maj-AL,Boston,14,14,6.0,5.0,,67.2,75,49,46,32,58,14,7,6.12,268,10,1,0,6,2,11,1,2,309,1217,0.62,0.18,0.08,0.45,0.25,0.07,1.581,0.308,7.7,1.81,621111,2025,621111,329,18.5,9.4,0.373,0.36,32.9,9.6,38.2,75.758873186,94.155297778,19.9,44.7
sean burke,25,2,Maj-AL,Chicago,17,14,3.0,8.0,,86.0,87,53,45,41,72,16,4,4.71,333,19,1,0,3,2,11,5,4,382,1469,0.61,0.15,0.1,0.34,0.25,0.08,1.488,0.287,7.5,1.76,680732,2025,680732,404,18.6,10.1,0.345,0.373,38.7,11.3,42.9,76.493075899,94.664283466,24.2,46.4
edward cabrera,27,3,Maj-NL,Miami,15,15,3.0,3.0,,78.1,66,31,29,30,80,9,5,3.33,289,13,0,0,5,2,18,4,0,327,1270,0.62,0.19,0.11,0.48,0.24,0.03,1.226,0.282,9.2,2.67,665795,2025,665795,327,24.5,9.2,0.302,0.315,29.2,7.5,43.9,78.898762667,94.70982512,26.6,43.5
griffin canning,29,13,Maj-NL,New York,15,15,7.0,2.0,,70.2,66,33,30,33,66,7,0,3.82,273,9,1,0,4,0,3,0,2,307,1257,0.63,0.17,0.11,0.51,0.23,0.04,1.401,0.295,8.4,2.0,656288,2025,656288,327,21.4,10.4,0.305,0.341,31.8,9.4,45.7,81.002928257,95.23954656,25.5,45.8
jonathan cannon,24,4,Maj-AL,Chicago,13,11,3.0,7.0,,67.0,75,37,36,23,51,11,4,4.84,271,17,2,0,5,2,5,1,1,300,1155,0.62,0.14,0.08,0.37,0.24,0.09,1.463,0.303,6.9,2.22,686563,2025,686563,320,17.5,8.1,0.349,0.352,36.3,9.4,45.3,78.567969052,94.917949181,19.3,47.6
luis castillo,30,91,Maj-AL,Seattle,2,2,,,,7.0,12,7,6,7,5,0,0,7.71,33,3,0,0,1,0,2,0,0,41,168,0.57,0.13,0.08,0.45,0.28,0.03,2.714,0.429,6.4,0.71,622379,2025,622491,430,20.2,7.4,0.301,0.343,35.6,11.7,46.9,79.036499416,95.193009674,24.9,50.9
luis castillo,32,4,Maj-AL,Seattle,17,17,5.0,4.0,,98.1,91,38,36,30,83,11,1,3.29,376,21,0,0,7,2,6,3,0,409,1637,0.65,0.14,0.12,0.39,0.24,0.07,1.231,0.282,7.6,2.77,622491,2025,622491,430,20.2,7.4,0.301,0.343,35.6,11.7,46.9,79.036499416,95.193009674,24.9,50.9
dylan cease,29,0,Maj-NL,San Diego,18,18,3.0,9.0,,99.0,94,56,53,37,122,14,3,4.82,380,24,0,1,3,3,9,2,0,426,1710,0.64,0.14,0.16,0.37,0.25,0.09,1.323,0.324,11.1,3.3,656302,2025,656302,445,29.0,8.8,0.323,0.309,38.1,10.3,42.1,78.067073852,94.470839889,33.6,50.3
patrick corbin,35,4,Maj-AL,Texas,16,16,5.0,7.0,,88.1,89,41,41,25,68,13,1,4.18,341,16,0,0,5,2,9,3,2,371,1409,0.63,0.17,0.11,0.38,0.26,0.06,1.291,0.29,6.9,2.72,571578,2025,571578,371,18.3,6.7,0.32,0.34,36.1,7.9,38.3,78.891031397,94.04004524,24.5,46.6
garrett crochet,26,3,Maj-AL,Boston,18,18,9.0,4.0,,115.1,92,33,30,32,147,10,0,2.34,428,15,1,0,6,1,10,4,0,462,1798,0.67,0.16,0.13,0.49,0.2,0.06,1.075,0.301,11.5,4.59,676979,2025,676979,483,31.3,7.0,0.266,0.279,33.3,7.7,37.4,75.860736918,93.960837945,29.3,51.6
jacob degrom,37,2,Maj-AL,Texas,17,17,9.0,2.0,,101.1,72,27,27,21,99,11,1,2.4,363,10,1,0,4,3,5,4,0,388,1476,0.67,0.16,0.13,0.43,0.22,0.06,0.918,0.238,8.8,4.71,594798,2025,594798,408,25.7,5.6,0.247,0.28,29.9,6.1,39.9,79.283247007,94.077991204,29.2,51.5
chase dollander,23,3,Maj-NL,Colorado,15,15,2.0,9.0,,68.2,74,55,51,33,52,15,2,6.68,270,8,0,0,4,3,10,1,4,309,1235,0.61,0.14,0.09,0.43,0.26,0.05,1.558,0.286,6.8,1.58,801403,2025,801403,309,16.8,10.7,0.359,0.371,36.9,13.1,41.0,77.986347658,94.421523077,22.1,46.9
bryce elder,26,0,Maj-NL,Atlanta,15,15,3.0,6.0,,79.2,92,51,50,28,69,16,4,5.65,321,22,1,0,5,2,9,2,0,356,1326,0.62,0.18,0.09,0.51,0.25,0.01,1.506,0.319,7.8,2.46,693821,2025,693821,356,19.4,7.9,0.371,0.372,33.3,9.8,46.7,77.152035591,95.610376443,22.4,44.2
nathan eovaldi,35,1,Maj-AL,Texas,14,14,6.0,3.0,,77.1,55,16,13,13,77,3,5,1.51,278,12,1,1,7,2,4,1,1,300,1168,0.67,0.17,0.13,0.52,0.24,0.02,0.879,0.26,9.0,5.92,543135,2025,543135,321,26.8,4.0,0.23,0.297,34.7,7.9,39.8,78.887927196,94.530496244,28.3,50.4
bailey falter,28,0,Maj-NL,Pittsburgh,18,18,6.0,4.0,,91.1,76,45,39,34,55,14,1,3.84,330,15,1,0,12,3,7,4,3,370,1376,0.64,0.17,0.07,0.38,0.21,0.12,1.204,0.235,5.4,1.62,663559,2025,663559,395,14.9,8.6,0.312,0.333,29.2,9.0,45.8,79.278148255,95.008085152,17.9,46.5
erick fedde,32,3,Maj-NL,St. Louis,17,17,2.0,9.0,,88.0,91,52,49,45,55,10,2,5.01,339,20,1,1,9,2,21,2,1,390,1468,0.6,0.17,0.07,0.39,0.27,0.08,1.545,0.293,5.6,1.22,607200,2025,607200,410,13.9,11.0,0.331,0.373,37.3,8.5,44.1,80.990723642,94.603807043,17.2,43.7
jack flaherty,29,1,Maj-AL,Detroit,17,17,5.0,9.0,,90.0,78,49,48,36,112,16,2,4.8,339,14,1,0,6,1,5,1,0,378,1570,0.64,0.18,0.12,0.34,0.26,0.08,1.267,0.292,11.2,3.11,656427,2025,656427,400,29.3,9.5,0.316,0.323,39.7,10.7,44.6,79.24505719,94.874017635,29.4,45.4
bowden francis,29,25,Maj-AL,Toronto,13,13,1.0,8.0,,58.0,69,44,41,24,50,17,6,6.36,231,5,1,0,4,4,0,0,1,265,1051,0.63,0.16,0.1,0.31,0.26,0.12,1.603,0.31,7.8,2.08,670102,2025,670102,288,18.8,9.4,0.385,0.383,34.3,12.4,52.2,81.0541193,95.7876814,23.3,46.7
kyle freeland,32,1,Maj-NL,Colorado,16,16,1.0,10.0,,83.1,114,66,54,22,60,9,2,5.83,349,20,3,1,11,4,5,2,4,378,1335,0.67,0.16,0.09,0.44,0.31,0.04,1.632,0.37,6.5,2.73,607536,2025,607536,398,16.8,5.5,0.351,0.351,37.1,8.1,44.3,80.346320265,94.771409468,21.3,51.1
max fried,31,3,Maj-AL,New York,18,18,11.0,2.0,,114.1,83,30,28,22,107,9,5,2.2,414,11,3,0,9,0,5,3,8,442,1743,0.64,0.16,0.11,0.52,0.19,0.06,0.918,0.248,8.4,4.86,608331,2025,608331,471,23.6,5.1,0.253,0.295,29.5,6.7,38.0,75.916795556,93.849965882,24.7,47.5
zac gallen,29,2,Maj-NL,Arizona,18,18,7.0,8.0,,106.0,101,64,59,39,103,19,3,5.01,407,17,3,1,10,1,6,2,1,451,1723,0.63,0.19,0.1,0.42,0.22,0.03,1.321,0.287,8.7,2.64,668678,2025,668678,472,22.7,9.1,0.333,0.349,36.7,11.9,48.0,80.509145,95.439627405,26.2,43.5
kevin gausman,34,3,Maj-AL,Toronto,17,17,5.0,6.0,,98.2,85,47,46,31,98,12,3,4.2,369,19,1,1,5,2,9,0,0,406,1613,0.67,0.15,0.13,0.34,0.28,0.07,1.176,0.28,8.9,3.16,592332,2025,592332,428,23.8,7.5,0.293,0.319,36.8,8.9,39.2,78.203595417,94.283735972,26.2,51.6
lucas giolito,30,0,Maj-AL,Boston,13,13,6.0,1.0,,72.1,68,31,27,21,64,8,0,3.36,269,8,1,0,7,3,4,2,1,295,1143,0.65,0.17,0.1,0.38,0.27,0.09,1.23,0.3,8.0,3.05,608337,2025,608337,295,21.7,7.1,0.3,0.347,39.0,7.6,44.3,80.359170385,94.946168942,22.3,48.3
mackenzie gore,26,0,Maj-NL,Washington,18,18,4.0,8.0,,104.1,96,38,37,35,125,11,3,3.19,393,16,1,0,4,3,9,5,0,435,1775,0.63,0.13,0.14,0.38,0.23,0.07,1.256,0.327,10.8,3.57,669022,2025,669022,452,30.5,7.5,0.291,0.298,36.8,8.7,41.9,78.436080657,94.512164416,31.7,50.0
sonny gray,35,1,Maj-NL,St. Louis,17,17,8.0,3.0,,100.0,91,41,39,17,107,9,3,3.51,377,17,2,0,6,1,3,5,2,400,1459,0.67,0.19,0.12,0.43,0.27,0.07,1.08,0.313,9.6,6.29,543243,2025,543243,420,26.9,4.5,0.285,0.304,35.7,7.8,36.4,76.901412676,93.969506537,26.8,47.7
ryan gusto,26,3,Maj-AL,Houston,18,12,6.0,3.0,,68.1,75,39,36,24,71,10,2,4.74,275,13,1,0,6,2,7,1,0,303,1169,0.65,0.17,0.11,0.35,0.24,0.1,1.449,0.332,9.4,2.96,687473,2025,687473,311,23.2,7.7,0.335,0.323,32.9,8.9,43.2,79.879757075,94.756094292,24.5,48.6
emerson hancock,26,8,Maj-AL,Seattle,14,14,3.0,4.0,,76.2,74,41,41,29,53,14,5,4.81,290,13,0,0,7,1,4,4,1,326,1207,0.64,0.15,0.09,0.45,0.23,0.06,1.343,0.268,6.2,1.83,676106,2025,676106,335,15.8,9.0,0.358,0.371,34.4,8.1,41.7,77.805918537,94.357054065,19.5,49.0
andrew heaney,34,2,Maj-NL,Pittsburgh,17,17,4.0,8.0,,91.0,83,46,46,31,71,15,4,4.55,341,22,1,0,7,4,4,1,0,382,1472,0.64,0.16,0.09,0.39,0.26,0.07,1.253,0.263,7.0,2.29,571760,2025,571760,402,18.2,8.0,0.323,0.344,34.8,8.9,43.3,79.222012639,94.809869618,20.6,47.7
kyle hendricks,35,0,Maj-AL,Los Angeles,18,18,5.0,6.0,,96.0,100,56,52,24,65,16,4,4.88,376,23,2,3,7,5,14,1,0,410,1536,0.67,0.19,0.07,0.39,0.23,0.11,1.292,0.28,6.1,2.71,543294,2025,543294,410,15.9,5.9,0.332,0.316,32.2,8.5,35.3,73.74292943,93.29796443,16.8,47.9
clay holmes,32,1,Maj-NL,New York,17,17,8.0,3.0,,93.2,79,35,34,36,77,11,4,3.27,346,10,1,0,6,3,4,5,0,390,1526,0.64,0.19,0.09,0.53,0.22,0.05,1.228,0.261,7.4,2.14,605280,2025,605280,413,19.6,9.7,0.299,0.329,30.7,7.7,41.1,78.275325845,94.687697887,21.9,44.7
grant holmes,29,3,Maj-NL,Atlanta,17,17,4.0,7.0,,96.2,74,36,35,44,113,14,5,3.26,350,12,0,0,10,3,2,0,1,402,1599,0.63,0.15,0.14,0.46,0.2,0.04,1.221,0.265,10.5,2.57,656550,2025,656550,424,27.8,11.3,0.303,0.321,36.8,11.1,42.7,80.26605881,94.60060996,31.2,48.0
jake irvin,28,1,Maj-NL,Washington,18,18,7.0,4.0,,106.0,101,58,57,35,76,21,3,4.84,413,21,2,0,8,0,5,0,0,451,1685,0.65,0.18,0.07,0.42,0.21,0.06,1.283,0.253,6.5,2.17,663623,2025,663623,473,16.5,7.8,0.337,0.369,33.8,13.0,47.6,79.818436761,95.342119972,17.3,46.7
mitch keller,29,1,Maj-NL,Pittsburgh,18,18,2.0,10.0,,107.0,100,49,44,26,85,9,5,3.7,415,23,1,0,4,1,17,3,0,448,1684,0.67,0.18,0.09,0.46,0.22,0.09,1.178,0.283,7.1,3.27,656605,2025,656605,471,18.9,5.7,0.289,0.316,32.1,6.6,42.1,80.284699138,94.418431124,19.4,49.2
merrill kelly,36,1,Maj-NL,Arizona,18,18,6.0,5.0,,105.2,85,47,41,25,106,13,1,3.49,395,20,3,0,7,0,6,1,3,421,1629,0.65,0.17,0.11,0.43,0.22,0.08,1.041,0.261,9.0,4.24,518876,2025,518876,444,24.1,6.5,0.28,0.32,29.6,9.4,45.3,79.305480464,95.296046556,25.8,48.0
yusei kikuchi,34,2,Maj-AL,Los Angeles,18,18,3.0,5.0,,101.1,95,40,33,48,105,11,1,2.93,384,12,0,3,9,2,4,3,2,435,1738,0.63,0.16,0.11,0.41,0.23,0.09,1.411,0.311,9.3,2.19,579328,2025,579328,458,24.0,10.5,0.307,0.329,31.4,10.0,42.5,80.184061081,95.343110034,24.9,47.3
jack kochanowicz,24,4,Maj-AL,Los Angeles,17,17,3.0,8.0,,85.1,96,54,53,42,58,15,6,5.59,326,9,0,2,15,5,4,3,1,379,1407,0.62,0.15,0.09,0.55,0.16,0.05,1.617,0.314,6.1,1.38,686799,2025,686799,400,15.5,10.5,0.359,0.354,24.1,8.6,45.5,81.202163448,95.254308897,21.1,47.6
dean kremer,29,4,Maj-AL,Baltimore,17,16,6.0,7.0,,96.0,103,48,46,24,75,13,1,4.31,380,24,2,0,7,1,4,0,0,407,1557,0.66,0.17,0.09,0.38,0.26,0.07,1.323,0.307,7.0,3.13,665152,2025,665152,430,18.8,6.0,0.329,0.334,36.1,8.1,37.0,77.463895513,94.111786527,20.3,48.8
jack leiter,25,3,Maj-AL,Texas,14,14,3.0,6.0,,70.0,61,35,35,33,59,9,2,4.5,266,12,0,0,4,1,6,1,0,302,1214,0.63,0.14,0.1,0.38,0.22,0.06,1.343,0.261,7.6,1.79,683004,2025,683004,322,19.6,10.6,0.306,0.357,32.7,11.7,45.3,81.875877411,95.118697578,23.3,48.3
matthew liberatore,25,4,Maj-NL,St. Louis,17,17,6.0,6.0,,97.1,94,42,40,21,80,8,2,3.7,376,21,1,0,4,4,11,3,1,404,1457,0.66,0.17,0.1,0.44,0.24,0.07,1.182,0.295,7.4,3.81,669461,2025,669461,404,19.8,5.2,0.291,0.315,33.9,9.3,42.5,80.447424698,94.772844646,22.0,48.9
zack littell,29,0,Maj-AL,Tampa Bay,18,18,8.0,6.0,,110.1,105,45,45,17,73,24,5,3.67,416,19,0,1,12,2,9,4,1,441,1560,0.68,0.15,0.09,0.42,0.21,0.08,1.106,0.252,6.0,4.29,641793,2025,641793,463,17.3,3.7,0.318,0.343,32.2,11.7,42.5,81.115198156,94.692150392,20.3,52.7
nick lodolo,27,4,Maj-NL,Cincinnati,17,17,4.0,6.0,,94.2,88,40,38,22,92,14,10,3.61,362,17,1,0,5,2,10,3,1,399,1536,0.65,0.15,0.11,0.43,0.23,0.05,1.162,0.287,8.7,4.18,666157,2025,666157,422,22.0,5.2,0.313,0.328,33.4,8.8,43.2,79.299935625,94.644640069,24.4,50.2
michael lorenzen,33,3,Maj-AL,Kansas City,18,18,5.0,8.0,,99.2,101,53,51,29,85,17,2,4.61,390,24,3,0,4,3,6,2,2,424,1611,0.64,0.15,0.1,0.38,0.25,0.09,1.304,0.289,7.7,2.93,547179,2025,547179,424,20.0,6.8,0.335,0.327,37.7,8.4,40.3,79.28890474,93.940213811,22.8,48.7
seth lugo,35,1,Maj-AL,Kansas City,16,16,6.0,5.0,,96.0,74,29,27,28,84,14,3,2.53,348,14,0,1,6,0,3,4,2,381,1493,0.64,0.19,0.09,0.39,0.26,0.07,1.063,0.24,7.9,3.0,607625,2025,607625,401,21.9,7.7,0.29,0.342,33.0,9.7,46.6,80.349468768,95.100485273,21.3,44.5
jesus luzardo,27,0,Maj-NL,Philadelphia,18,18,7.0,5.0,,99.1,106,50,46,34,111,6,1,4.17,388,23,0,0,8,2,15,5,4,425,1692,0.64,0.16,0.13,0.43,0.27,0.05,1.409,0.366,10.1,3.26,666200,2025,666200,447,27.3,8.1,0.316,0.302,35.4,5.9,40.3,78.533684366,94.074961802,30.1,47.8
tyler mahle,30,29,Maj-AL,Texas,13,13,6.0,3.0,,75.1,58,19,19,23,53,4,0,2.27,273,8,1,0,8,1,2,0,0,297,1174,0.66,0.15,0.1,0.4,0.28,0.08,1.075,0.249,6.3,2.3,641816,2025,641816,308,18.2,8.8,0.262,0.33,36.4,7.6,37.8,77.708945893,93.882076473,22.7,49.9
german marquez,30,4,Maj-NL,Colorado,17,17,3.0,10.0,,83.1,113,70,58,28,59,11,5,6.26,354,28,3,0,6,2,17,3,1,391,1362,0.64,0.15,0.09,0.37,0.31,0.06,1.692,0.357,6.4,2.11,608566,2025,608566,413,15.3,6.8,0.372,0.358,35.4,8.5,47.5,80.894258089,95.237120414,19.0,49.1
davis martin,28,27,Maj-AL,Chicago,13,12,2.0,7.0,,74.2,76,36,34,17,51,12,4,4.1,289,19,2,0,9,1,5,4,0,311,1163,0.63,0.13,0.1,0.47,0.22,0.07,1.246,0.282,6.1,3.0,663436,2025,663436,334,15.9,5.7,0.329,0.369,35.3,10.5,46.1,80.145642481,95.472647977,21.1,49.2
nick martinez,34,1,Maj-NL,Cincinnati,19,17,6.0,8.0,,99.2,100,54,53,23,68,12,4,4.79,376,31,1,0,8,5,8,5,1,410,1512,0.64,0.17,0.09,0.39,0.24,0.09,1.234,0.292,6.1,2.96,607259,2025,607259,433,16.9,5.5,0.328,0.327,36.4,7.8,36.7,78.441019136,93.578605185,20.5,47.1
dustin may,27,6,Maj-NL,Los Angeles,16,16,5.0,5.0,,89.2,82,49,45,36,84,13,7,4.52,340,14,4,3,7,1,14,3,0,386,1404,0.63,0.19,0.08,0.46,0.25,0.06,1.316,0.283,8.4,2.33,669160,2025,669160,386,21.8,9.3,0.325,0.349,33.6,8.1,43.6,79.401738125,95.157056902,20.8,44.1
tylor megill,29,25,Maj-NL,New York,13,13,4.0,5.0,,63.1,57,36,29,32,83,6,7,4.12,244,10,1,0,1,2,3,1,1,286,1157,0.62,0.17,0.12,0.4,0.26,0.1,1.405,0.325,11.8,2.59,656731,2025,656731,305,29.2,10.8,0.305,0.313,30.1,6.3,43.8,79.63753,95.034338421,30.7,44.9
miles mikolas,36,5,Maj-NL,St. Louis,16,16,4.0,6.0,,82.0,95,51,49,18,57,15,2,5.38,332,20,3,0,4,3,7,2,2,356,1318,0.66,0.19,0.07,0.37,0.23,0.07,1.378,0.304,6.3,3.17,571945,2025,571945,376,16.0,5.3,0.343,0.364,36.1,12.6,44.9,78.508938014,94.864447021,16.9,46.6
casey mize,28,4,Maj-AL,Detroit,15,15,9.0,2.0,,85.2,80,27,25,21,73,11,0,2.63,329,11,1,1,3,2,8,3,1,353,1307,0.66,0.16,0.1,0.42,0.2,0.07,1.179,0.279,7.7,3.48,663554,2025,663554,353,20.7,5.9,0.292,0.288,34.4,8.1,40.2,79.276616667,94.138800581,23.8,49.9
charlie morton,41,5,Maj-AL,Baltimore,18,12,5.0,6.0,,74.0,78,45,43,34,81,11,8,5.23,288,10,2,0,5,4,6,0,6,337,1317,0.63,0.17,0.12,0.43,0.24,0.05,1.514,0.335,9.9,2.38,450203,2025,450203,355,23.7,9.9,0.353,0.335,32.2,7.9,41.4,80.696170714,94.692250759,27.6,46.6
ryne nelson,27,4,Maj-NL,Arizona,18,9,5.0,2.0,1.0,72.2,47,25,24,20,61,6,3,2.97,259,9,3,0,6,0,0,0,0,282,1117,0.65,0.16,0.09,0.42,0.25,0.06,0.922,0.214,7.6,3.05,669194,2025,669194,294,21.8,7.1,0.258,0.318,36.9,8.3,41.3,81.068883431,94.800287892,20.8,48.6
bailey ober,29,11,Maj-AL,Minnesota,16,16,4.0,5.0,,89.1,100,47,46,19,71,19,4,4.63,358,20,0,0,4,5,3,3,2,387,1408,0.68,0.16,0.12,0.3,0.22,0.14,1.332,0.297,7.2,3.74,641927,2025,641927,406,18.2,5.4,0.363,0.338,33.3,10.8,41.2,78.412714474,94.655981947,24.3,51.2
luis ortiz,26,12,Maj-AL,Cleveland,15,15,4.0,8.0,,84.0,71,37,36,38,94,12,1,3.86,316,9,1,0,9,1,10,1,1,356,1411,0.64,0.18,0.12,0.47,0.22,0.05,1.298,0.28,10.1,2.47,682847,2025,682847,382,25.1,11.0,0.314,0.345,32.9,10.3,47.7,81.226247,95.788528,28.9,46.5
chris paddack,29,5,Maj-AL,Minnesota,17,17,3.0,6.0,,91.2,86,44,40,20,66,10,3,3.93,349,15,2,0,6,6,1,1,0,380,1492,0.65,0.14,0.09,0.39,0.23,0.11,1.156,0.272,6.5,3.3,663978,2025,663978,400,17.0,6.0,0.308,0.341,34.4,7.5,44.3,79.098744467,94.678399498,20.4,50.9
andre pallante,26,0,Maj-NL,St. Louis,17,17,4.0,5.0,,95.1,94,50,48,30,61,13,1,4.53,370,18,3,0,5,1,11,0,2,404,1522,0.62,0.15,0.09,0.63,0.2,0.01,1.301,0.273,5.8,2.03,669467,2025,669467,425,15.1,7.5,0.32,0.329,27.2,7.3,42.8,77.837869063,94.917656834,22.4,46.7
mitchell parker,25,4,Maj-NL,Washington,17,17,4.0,9.0,,91.0,90,60,51,35,61,12,3,5.04,353,24,3,0,6,5,2,0,0,397,1474,0.65,0.15,0.1,0.39,0.25,0.08,1.374,0.274,6.0,1.74,680730,2025,680730,424,15.6,8.7,0.329,0.368,34.6,8.8,50.6,82.147822739,95.678728503,20.8,50.6
chad patrick,26,4,Maj-NL,Milwaukee,18,18,3.0,7.0,,93.2,91,35,35,29,94,9,4,3.36,358,22,0,1,6,2,5,4,1,394,1567,0.65,0.14,0.1,0.3,0.31,0.1,1.281,0.319,9.0,3.24,694477,2025,694477,400,23.8,7.5,0.315,0.323,40.2,7.7,43.9,79.373441866,94.622170075,22.6,50.2
ryan pepiot,27,1,Maj-AL,Tampa Bay,18,18,6.0,6.0,,102.1,82,39,39,35,99,17,4,3.43,370,15,3,0,9,1,10,5,3,411,1637,0.65,0.15,0.12,0.37,0.26,0.09,1.143,0.255,8.7,2.83,686752,2025,686752,437,24.5,8.2,0.311,0.322,35.3,9.3,42.6,78.833409097,94.843317631,25.7,50.6
freddy peralta,29,2,Maj-NL,Milwaukee,18,18,10.0,3.0,,100.0,74,31,30,35,103,10,7,2.7,364,13,0,0,5,1,10,1,0,411,1712,0.61,0.14,0.12,0.37,0.24,0.11,1.09,0.254,9.3,2.94,642547,2025,642547,431,25.8,8.4,0.277,0.305,35.5,9.1,35.5,77.478511898,93.712162747,28.8,46.8
david peterson,29,6,Maj-NL,New York,16,16,5.0,4.0,,96.0,88,38,34,34,78,5,5,3.19,364,20,0,1,12,0,1,1,2,405,1507,0.65,0.18,0.1,0.58,0.25,0.02,1.271,0.295,7.3,2.29,656849,2025,656849,430,20.2,8.6,0.298,0.33,32.3,6.0,44.7,79.686256892,95.119460034,22.4,46.4
brandon pfaadt,26,0,Maj-NL,Arizona,18,18,9.0,5.0,,93.1,101,57,54,22,79,16,9,5.21,372,27,0,1,6,2,7,2,1,405,1590,0.64,0.16,0.1,0.42,0.28,0.03,1.318,0.305,7.6,3.59,694297,2025,694297,430,19.5,5.3,0.344,0.389,41.4,13.1,49.7,81.170035897,96.177148269,22.2,48.7
nick pivetta,32,1,Maj-NL,San Diego,17,17,8.0,2.0,,95.2,78,37,35,27,110,12,1,3.29,354,14,1,1,4,3,5,3,2,386,1514,0.66,0.17,0.11,0.31,0.25,0.12,1.098,0.281,10.3,4.07,601713,2025,601713,407,28.0,6.6,0.269,0.319,38.1,11.7,41.1,78.228342061,94.285451533,25.7,48.2
quinn priester,24,5,Maj-NL,Milwaukee,16,12,6.0,2.0,,82.2,75,36,33,30,65,10,1,3.59,315,16,1,0,6,1,3,5,0,348,1334,0.63,0.17,0.1,0.58,0.18,0.05,1.27,0.27,7.1,2.17,682990,2025,682990,348,18.7,8.6,0.307,0.315,26.6,6.7,42.5,80.72141187,94.537176626,23.2,46.3
cal quantrill,30,4,Maj-NL,Miami,16,16,3.0,6.0,,72.2,79,41,40,22,60,9,3,4.95,283,19,4,0,9,1,17,3,3,309,1269,0.62,0.16,0.09,0.33,0.32,0.06,1.39,0.326,7.4,2.73,615698,2025,615698,330,18.8,7.0,0.362,0.366,40.7,11.2,44.0,79.910383109,94.953185462,20.7,45.9
jose quintana,36,0,Maj-NL,Milwaukee,13,13,6.0,3.0,,71.1,66,30,26,31,48,7,1,3.28,270,7,0,0,9,0,4,0,1,303,1192,0.61,0.19,0.07,0.45,0.25,0.06,1.36,0.274,6.1,1.55,500779,2025,500779,303,15.8,10.2,0.303,0.336,32.7,7.6,40.4,77.992241802,94.082854299,17.3,42.1
drew rasmussen,29,3,Maj-AL,Tampa Bay,17,17,6.0,5.0,,84.1,67,28,28,21,72,10,4,2.99,303,9,0,0,12,0,12,5,0,328,1266,0.66,0.17,0.09,0.51,0.22,0.06,1.043,0.258,7.7,3.43,656876,2025,656876,345,22.0,6.1,0.272,0.311,29.5,6.1,43.9,80.770521721,94.80220251,21.9,48.1
robbie ray,33,1,Maj-NL,San Francisco,18,18,8.0,3.0,,107.2,79,33,30,41,118,10,1,2.51,389,17,1,0,2,3,14,6,4,435,1728,0.65,0.15,0.14,0.41,0.22,0.06,1.115,0.261,9.9,2.88,592662,2025,592662,455,26.8,9.2,0.272,0.286,31.4,8.3,44.1,81.662930493,94.625724417,29.1,50.3
colin rea,34,5,Maj-NL,Chicago,16,14,6.0,3.0,,81.2,85,40,39,21,59,15,3,4.3,315,13,0,0,8,2,4,1,4,342,1315,0.64,0.17,0.08,0.37,0.27,0.11,1.298,0.288,6.5,2.81,607067,2025,607067,356,16.9,5.9,0.336,0.357,39.7,10.7,43.0,81.066817407,94.737729257,19.5,47.2
carlos rodon,32,4,Maj-AL,New York,18,18,8.0,6.0,,106.1,71,44,40,38,120,14,4,3.39,382,17,0,0,5,1,8,2,1,427,1736,0.62,0.18,0.13,0.41,0.22,0.07,1.025,0.229,10.2,3.16,607074,2025,607074,449,28.3,8.9,0.271,0.288,32.4,9.0,41.4,78.86045,94.686779188,32.0,44.6
eduardo rodriguez,32,5,Maj-NL,Arizona,14,14,3.0,5.0,,71.0,94,54,46,24,82,12,1,5.83,300,23,2,1,1,4,5,2,0,333,1241,0.63,0.15,0.1,0.36,0.28,0.11,1.662,0.39,10.4,3.42,593958,2025,593958,354,24.6,7.6,0.376,0.327,35.3,8.4,34.9,77.770206983,93.810437672,25.4,47.5
landen roupp,26,2,Maj-NL,San Francisco,18,18,6.0,5.0,,90.1,92,43,34,40,81,8,2,3.39,353,19,0,1,6,3,6,2,0,400,1529,0.62,0.19,0.09,0.47,0.25,0.05,1.461,0.315,8.1,2.03,694738,2025,694738,400,20.3,10.0,0.319,0.328,37.2,7.9,35.0,76.175199412,93.99217375,24.6,42.8
joe ryan,29,3,Maj-AL,Minnesota,17,16,8.0,4.0,,99.1,67,32,31,21,111,12,8,2.81,354,17,0,0,3,1,11,8,0,385,1562,0.65,0.15,0.12,0.38,0.2,0.12,0.886,0.237,10.1,5.29,657746,2025,657746,406,28.6,5.2,0.262,0.29,32.0,10.8,40.2,80.093316589,94.340030934,27.6,49.8
chris sale,36,21,Maj-NL,Atlanta,14,14,5.0,4.0,,84.1,72,24,22,25,107,7,7,2.35,314,9,4,0,2,1,13,6,1,348,1402,0.67,0.18,0.13,0.39,0.23,0.06,1.15,0.323,11.4,4.28,519242,2025,519242,370,30.8,7.0,0.291,0.277,34.1,7.6,31.8,74.71138982,93.227296425,30.3,49.7
cristopher sanchez,28,2,Maj-NL,Philadelphia,17,17,7.0,2.0,,102.1,89,31,30,27,109,6,6,2.64,386,17,0,0,11,0,3,3,0,419,1542,0.65,0.18,0.13,0.6,0.21,0.03,1.134,0.306,9.6,4.04,650911,2025,650911,441,26.3,6.6,0.275,0.278,24.8,5.5,39.0,78.117582639,94.388944913,29.3,48.1
clarke schmidt,29,6,Maj-AL,New York,14,14,4.0,4.0,,78.2,56,29,29,30,73,9,1,3.32,282,12,2,0,4,2,6,1,2,316,1226,0.64,0.17,0.12,0.33,0.25,0.11,1.093,0.233,8.4,2.43,657376,2025,657376,316,23.1,9.5,0.278,0.279,32.5,6.6,35.4,77.140581038,93.721791185,26.6,47.6
spencer schwellenbach,25,11,Maj-NL,Atlanta,16,16,7.0,4.0,,104.2,88,44,38,17,104,13,1,3.27,392,18,2,1,5,3,3,1,1,414,1483,0.69,0.17,0.14,0.47,0.27,0.07,1.003,0.27,8.9,6.12,680885,2025,680885,434,24.9,4.1,0.268,0.301,34.3,7.5,41.5,76.928233856,94.493622852,28.3,51.8
jp sears,29,5,Maj-AL,Athletics,17,17,7.0,6.0,,86.0,89,47,47,24,66,17,5,4.92,339,24,0,0,5,1,3,2,0,370,1507,0.63,0.17,0.08,0.28,0.25,0.09,1.314,0.28,6.9,2.75,676664,2025,676664,395,18.5,6.1,0.339,0.331,33.8,8.9,40.3,79.734745548,94.322907877,21.0,46.6
kodai senga,32,27,Maj-NL,New York,13,13,7.0,3.0,,73.2,51,15,12,31,70,4,1,1.47,261,12,4,0,9,0,4,6,0,293,1176,0.61,0.14,0.12,0.47,0.18,0.07,1.113,0.251,8.6,2.26,673540,2025,673540,293,23.9,10.6,0.271,0.289,26.7,6.3,39.8,77.544048632,94.018922328,28.3,46.3
antonio senzatela,30,0,Maj-NL,Colorado,18,17,3.0,13.0,,87.0,131,74,67,31,49,16,4,6.93,376,23,2,0,11,5,3,0,0,419,1562,0.61,0.16,0.07,0.46,0.27,0.03,1.862,0.364,5.1,1.58,622608,2025,622608,440,11.1,7.5,0.411,0.409,36.3,9.1,46.5,79.196607168,95.568491908,17.2,45.1
luis severino,31,4,Maj-AL,Athletics,18,18,2.0,10.0,,102.2,112,69,64,32,67,12,9,5.61,414,27,0,1,3,3,2,1,2,459,1753,0.64,0.16,0.07,0.4,0.29,0.07,1.403,0.296,5.9,2.09,622663,2025,622663,484,15.1,7.4,0.328,0.348,34.5,6.0,43.0,76.557204807,94.619266316,16.9,47.6
brady singer,28,2,Maj-NL,Cincinnati,17,17,6.0,7.0,,86.2,87,48,45,37,75,10,5,4.67,332,21,2,0,7,5,9,0,0,380,1525,0.62,0.18,0.08,0.35,0.29,0.06,1.431,0.306,7.8,2.03,663903,2025,663903,404,20.5,9.7,0.323,0.345,38.6,10.5,44.0,80.806127029,94.977144945,22.2,43.5
paul skenes,23,3,Maj-NL,Pittsburgh,18,18,4.0,7.0,,110.2,74,26,23,28,118,5,4,1.87,397,21,1,0,8,0,1,1,2,429,1729,0.64,0.15,0.14,0.46,0.24,0.05,0.922,0.252,9.6,4.21,694973,2025,694973,449,27.8,6.7,0.238,0.26,29.7,4.8,40.3,76.343369028,93.876241916,29.8,49.5
tarik skubal,28,3,Maj-AL,Detroit,17,17,10.0,1.0,,111.0,74,22,22,13,146,6,3,1.78,396,10,0,0,3,2,2,4,1,415,1573,0.71,0.16,0.18,0.42,0.23,0.08,0.784,0.276,11.8,11.23,669373,2025,669373,437,33.9,3.2,0.22,0.248,35.7,6.6,32.4,73.315976296,93.064444333,33.6,55.1
shane smith,25,3,Maj-AL,Chicago,17,17,3.0,7.0,,83.2,74,47,39,37,76,7,10,4.2,316,14,2,0,8,2,6,1,2,366,1403,0.63,0.14,0.11,0.42,0.27,0.04,1.327,0.285,8.2,2.05,681343,2025,681343,366,20.8,10.1,0.311,0.332,35.4,6.6,46.1,78.667913,95.354288912,26.4,48.9
jose soriano,26,1,Maj-AL,Los Angeles,18,18,5.0,6.0,,101.0,102,51,48,50,90,4,2,4.28,382,16,0,0,19,2,5,1,0,439,1701,0.62,0.16,0.12,0.66,0.21,0.01,1.505,0.338,8.0,1.8,667755,2025,667755,462,20.6,11.3,0.306,0.325,25.6,7.1,47.8,80.184183725,95.90531281,27.9,45.1
mitch spence,27,0,Maj-AL,Athletics,27,7,2.0,5.0,1.0,72.0,73,43,37,21,59,15,4,4.63,280,16,0,2,6,2,4,2,0,308,1126,0.66,0.15,0.13,0.41,0.26,0.06,1.306,0.279,7.4,2.81,687765,2025,687765,323,19.5,6.8,0.343,0.366,37.8,13.7,42.1,79.861877826,94.746589348,26.7,51.0
jeffrey springs,32,1,Maj-AL,Athletics,18,16,6.0,6.0,,97.1,86,56,45,37,72,17,1,4.16,371,22,0,0,3,5,18,2,3,415,1637,0.63,0.17,0.1,0.3,0.29,0.1,1.264,0.24,6.7,1.95,605488,2025,605488,436,18.6,8.7,0.308,0.328,37.3,8.2,36.4,77.401776752,93.72980414,25.1,46.3
ranger suarez,29,4,Maj-NL,Philadelphia,12,12,7.0,2.0,,77.0,60,18,17,19,73,6,1,1.99,283,6,2,0,4,0,5,3,1,304,1124,0.66,0.17,0.1,0.52,0.17,0.07,1.026,0.265,8.5,3.84,624133,2025,624133,304,24.0,6.3,0.257,0.262,27.0,4.3,27.5,71.99064581,92.357828048,22.9,49.0
tomoyuki sugano,35,7,Maj-AL,Baltimore,16,16,6.0,4.0,,89.1,99,45,44,17,56,19,4,4.43,357,12,1,1,8,1,4,1,0,379,1403,0.64,0.16,0.08,0.42,0.22,0.07,1.299,0.283,5.6,3.29,608372,2025,608372,397,14.4,4.8,0.34,0.379,38.5,12.0,38.8,78.862762025,94.237258317,17.7,47.6
jameson taillon,33,10,Maj-NL,Chicago,16,16,7.0,5.0,,91.0,77,42,41,20,73,20,0,4.05,344,12,2,0,3,1,6,3,1,366,1413,0.67,0.19,0.1,0.33,0.24,0.12,1.066,0.226,7.2,3.65,592791,2025,592791,388,19.1,5.2,0.32,0.332,35.4,10.5,40.1,76.642634759,94.089968448,21.3,48.2
framber valdez,31,4,Maj-AL,Houston,17,17,9.0,4.0,,108.0,87,37,37,39,111,8,3,3.08,396,18,3,0,12,2,15,2,0,441,1592,0.65,0.17,0.11,0.62,0.19,0.03,1.167,0.283,9.3,2.85,664285,2025,664285,467,24.6,8.8,0.28,0.313,28.0,7.2,48.5,80.336543553,95.514206086,26.0,47.3
randy vasquez,26,5,Maj-NL,San Diego,17,17,3.0,4.0,,84.1,77,39,38,38,46,12,6,4.06,322,9,1,0,4,2,9,1,1,368,1374,0.63,0.16,0.07,0.38,0.22,0.13,1.364,0.244,4.9,1.21,681190,2025,681190,391,12.5,10.7,0.317,0.379,35.4,11.2,39.1,78.115910272,94.218788328,15.8,45.3
justin verlander,42,0,Maj-NL,San Francisco,14,14,,7.0,,71.2,77,43,38,25,62,9,3,4.77,283,24,0,0,3,4,5,5,2,315,1189,0.66,0.16,0.12,0.34,0.25,0.07,1.423,0.315,7.8,2.48,434378,2025,434378,337,19.9,7.7,0.341,0.35,40.2,10.4,39.8,79.284992149,94.16026361,25.8,49.6
michael wacha,33,4,Maj-AL,Kansas City,17,17,4.0,8.0,,97.0,96,42,42,26,77,11,3,3.9,378,12,1,0,6,2,1,0,0,412,1511,0.65,0.15,0.11,0.39,0.27,0.09,1.258,0.291,7.1,2.96,608379,2025,608379,430,18.4,7.0,0.305,0.324,39.1,7.3,32.5,75.922984,93.241190874,22.8,50.4
will warren,26,1,Maj-AL,New York,19,19,6.0,4.0,,90.0,85,49,47,41,111,8,2,4.7,348,17,3,0,3,4,5,1,1,396,1591,0.62,0.2,0.1,0.45,0.29,0.06,1.4,0.33,11.1,2.71,701542,2025,701542,396,28.0,10.4,0.312,0.306,34.4,7.9,44.8,80.240129322,95.091493686,26.1,41.6
logan webb,28,4,Maj-NL,San Francisco,18,18,8.0,6.0,,115.1,107,36,32,24,128,7,1,2.5,435,26,2,0,10,3,3,3,1,467,1782,0.67,0.19,0.11,0.54,0.27,0.04,1.136,0.33,10.0,5.33,657277,2025,657277,489,27.2,5.5,0.287,0.291,34.9,6.7,37.3,77.924163789,94.208330903,25.4,46.6
zack wheeler,35,3,Maj-NL,Philadelphia,17,17,9.0,3.0,,110.0,71,29,27,23,140,10,3,2.21,394,15,1,0,6,1,0,1,1,421,1706,0.65,0.15,0.14,0.41,0.25,0.08,0.855,0.249,11.5,6.09,554430,2025,554430,441,33.6,5.7,0.235,0.243,36.6,6.4,31.7,76.264804242,92.849821103,30.9,50.6
gavin williams,25,3,Maj-AL,Cleveland,17,17,5.0,4.0,,87.1,74,40,35,51,88,12,2,3.61,324,13,0,0,5,1,2,5,3,378,1602,0.6,0.15,0.12,0.46,0.22,0.05,1.431,0.276,9.1,1.73,668909,2025,668909,397,22.7,13.1,0.316,0.336,34.0,8.7,39.9,79.525662619,94.392260516,28.4,45.1
trevor williams,33,7,Maj-NL,Washington,17,17,3.0,10.0,,82.2,106,59,57,21,65,11,2,6.21,342,18,3,0,2,7,10,3,0,373,1448,0.64,0.17,0.08,0.35,0.28,0.07,1.536,0.348,7.1,3.1,592866,2025,592866,373,17.4,5.6,0.354,0.334,39.6,8.4,40.7,79.796024317,94.332743633,19.8,46.7
bryan woo,25,5,Maj-AL,Seattle,16,16,7.0,4.0,,101.1,81,34,32,17,99,13,3,2.84,377,12,0,0,6,2,1,1,0,400,1452,0.67,0.15,0.12,0.4,0.23,0.1,0.967,0.255,8.8,5.82,693433,2025,693433,423,24.6,4.5,0.264,0.291,33.7,9.1,38.0,76.140261633,94.039950612,25.6,52.5
simeon woods richardson,24,1,Maj-AL,Minnesota,14,13,5.0,4.0,,68.1,63,33,31,27,59,9,2,4.08,259,11,0,0,3,3,4,4,0,291,1149,0.63,0.15,0.1,0.31,0.24,0.11,1.317,0.278,7.8,2.19,680573,2025,680573,291,20.3,9.3,0.312,0.33,36.5,11.3,41.9,79.302246634,94.402384851,22.4,48.3
yoshinobu yamamoto,26,2,Maj-NL,Los Angeles,16,16,7.0,7.0,,87.1,62,32,27,31,95,8,2,2.78,314,14,0,0,7,1,3,2,0,349,1448,0.63,0.17,0.11,0.52,0.19,0.04,1.065,0.255,9.8,3.06,808967,2025,808967,390,27.9,8.7,0.268,0.282,29.0,6.9,41.2,78.715466557,94.566506214,27.1,45.7
