"last_name, first_name","player_id","year","pa","k_percent","bb_percent","woba","xwoba","sweet_spot_percent","barrel_batted_rate","hard_hit_percent","avg_best_speed","avg_hyper_speed","whiff_percent","swing_percent"
"Woo, Bryan",693433,2025,400,24,4.3,".268",".296",34.2,9.5,38.4,"76.295367376","94.078002811",25.6,52.5
"Brown, Hunter",686613,2024,712,25.1,8.4,".296",".283",28,4.5,30.3,"74.687517768","92.855098176",25.1,46.3
"Peralta, Freddy",642547,2024,725,27.6,9.4,".305",".304",35.3,8.7,36.9,"75.95026724","93.640809751",31.1,46.9
"Crawford, Kutter",676710,2024,759,23.1,6.7,".304",".304",33.4,9.9,36.3,"77.710617066","93.646279363",25.3,52
"Berríos, José",621244,2025,415,21.4,8.9,".304",".343",34.7,10.5,40.4,"78.707090638","94.534904078",23.9,46.5
"Feltner, Ryan",663372,2024,692,19.9,7.5,".320",".320",33.1,6.5,36.8,"76.695048857","93.803345297",23.9,48.1
"Estes, Joey",683155,2024,543,16.9,5,".333",".324",37.2,9.7,39.6,"79.114875902","94.154264829",19.2,55.5
"Montgomery, Jordan",656756,2024,532,15.6,8.3,".370",".347",36.6,6,41,"77.212722234","94.218289135",26.9,49.6
"Holmes, Clay",605280,2025,368,20.4,9.5,".296",".328",31.5,8.3,42.1,"79.521013254","94.92438259",21.8,45
"Wacha, Michael",608379,2025,409,18.3,6.4,".304",".322",39,7.5,32.5,"75.961484631","93.230653502",22.1,50.7
"Pepiot, Ryan",686752,2024,539,26.3,8.9,".290",".295",31.4,9.1,37.2,"79.441531647","93.814038824",29.9,48
"Quintana, Jose",500779,2024,717,18.8,8.8,".312",".327",32.9,6.7,38.2,"76.44604848","93.89600374",22.2,43.1
"Wheeler, Zack",554430,2025,413,32.9,6.1,".246",".251",36.9,6.4,32.1,"75.893576532","92.913471741",30.3,50.6
"Quantrill, Cal",615698,2025,312,17.9,7.1,".360",".373",41.3,11.7,44.3,"80.470661579","95.018097225",20.7,46.1
"Burnes, Corbin",669203,2025,265,23.8,9.8,".291",".311",33.5,8.1,41.6,"77.976536977","94.85857848",25.7,46.3
"Sale, Chris",519242,2024,702,32.1,5.6,".260",".261",34.9,5.6,31.2,"75.016805094","93.046190662",31,49
"Ryan, Joe",657746,2024,538,27.3,4.3,".282",".264",33.6,8.5,36.6,"77.148522833","93.914347298",26.6,50.9
"Flaherty, Jack",656427,2025,353,28.3,9.9,".318",".330",40.9,11.2,43.7,"79.388067477","94.793213131",28.9,44.8
"Keller, Mitch",656605,2025,417,18.5,6,".293",".322",33.1,6.1,42.1,"80.554334581","94.446854887",19.7,49.2
"Cannon, Jonathan",686563,2025,295,18.6,8.1,".346",".348",34.4,10.4,46.2,"79.16178419","95.02363919",20.3,47.6
"Stone, Gavin",694813,2024,580,20,6.4,".304",".306",32.5,6.4,36.2,"77.107440095","93.702925548",24.7,50.4
"Gray, Sonny",543243,2024,671,30.3,5.8,".292",".296",38.1,8.9,37.9,"79.276406538","94.211961253",29.8,48.7
"Glasnow, Tyler",607192,2024,522,32.2,6.7,".258",".254",32.5,8.5,40.1,"78.136298153","94.139426422",30.9,48.4
"Bibee, Tanner",676440,2024,710,26.3,6.2,".299",".300",37.4,7,36.9,"77.504108675","93.719329103",26.9,51
"Smith, Shane",681343,2025,346,21.4,10.1,".305",".332",35.5,6.6,45.2,"78.44898875","95.378832321",27.2,48.6
"Valdez, Framber",664285,2025,439,24.6,8.9,".276",".315",27.8,6.9,47.6,"79.831546643","95.413615544",26.6,47.1
"Castillo, Luis",622491,2025,407,19.4,7.9,".314",".348",36.1,11.2,46.6,"79.145037671","95.131903185",24.6,50.7
"Lugo, Seth",607625,2025,352,21.6,8,".285",".345",32.2,8.6,47.3,"80.45654281","95.085054232",21.3,44.8
"Skubal, Tarik",669373,2025,413,33.4,3.4,".226",".256",36.8,7,32.2,"73.46189","93.044556211",33.3,55.1
"Mize, Casey",663554,2025,327,21.1,5.8,".300",".293",34.3,8.4,40.2,"79.161893277","94.228510126",24.4,50
"Canning, Griffin",656288,2024,739,17.6,8.9,".341",".334",32.4,8.6,41.9,"80.443886517","94.700505891",24.5,48.4
"Martin, Davis",663436,2025,334,15.9,5.7,".330",".369",35.3,10.5,46.1,"80.145642481","95.472647977",21.1,49.2
"Eflin, Zach",621107,2025,269,15.6,4.1,".388",".331",33.2,8.9,39.7,"78.793188857","94.389965286",20.9,49.7
"Skubal, Tarik",669373,2024,753,30.3,4.6,".246",".257",33.1,6.7,33.9,"76.236530506","93.34039981",31.9,51.8
"Warren, Will",701542,2025,348,29.6,10.1,".300",".303",33.8,8.2,47.3,"80.706261078","95.342107941",27.4,41.7
"Kikuchi, Yusei",579328,2025,411,24.1,10.7,".307",".328",31.1,10.1,41.2,"79.8649525","95.196618897",24.7,46.6
"Quantrill, Cal",615698,2024,656,16.8,10.5,".358",".351",37.1,7.3,41.2,"77.92321026","94.354738243",21.6,45.7
"Webb, Logan",657277,2025,461,27.5,5.2,".282",".285",34.1,5.8,36.7,"78.153235894","94.16795",25.2,46.7
"Brown, Ben",676962,2025,359,25.3,7.5,".356",".347",36.3,11.8,48.1,"83.006485726","95.628106524",27.8,47.9
"Gibson, Kyle",502043,2024,722,20.9,9.4,".323",".338",34.3,9.2,39.1,"76.558654534","94.071640304",25.9,42.9
"Ortiz, Luis",682847,2025,382,25.1,11,".315",".345",32.9,10.3,47.7,"81.226247","95.788528",28.9,46.5
"Alcantara, Sandy",645261,2025,360,17.5,9.4,".338",".354",34,9.7,44,"80.82672938","94.874078915",20.2,47.8
"Irvin, Jake",663623,2024,769,20.3,6.8,".314",".320",33,9.2,39.1,"77.537675273","94.341422273",22.3,48.5
"Myers, Tobias",668964,2024,569,22.3,6.3,".297",".317",36.4,8,38.7,"79.298209695","94.361623995",21.3,49.6
"Mahle, Tyler",641816,2025,308,18.2,8.8,".262",".330",36.4,7.6,37.8,"77.708945893","93.882076473",22.7,49.9
"Povich, Cade",700249,2025,285,23.9,8.1,".352",".391",40.4,13.5,51.3,"81.703099167","95.769027865",22.6,44.1
"Pivetta, Nick",601713,2025,362,27.9,6.6,".272",".316",36.9,11.9,40.3,"77.983074655","94.173609784",26.5,47.6
"Sánchez, Cristopher",650911,2025,387,26.6,7.2,".283",".291",25.6,5.6,40.4,"78.417274113","94.608362389",29.7,47.8
"Hendricks, Kyle",543294,2024,567,15.3,7.6,".339",".336",36.4,7.4,33.4,"73.587198843","93.098027796",18.9,46.2
"Harrison, Kyle",690986,2024,532,22.2,7.9,".330",".338",34.2,10.1,44.1,"80.405098066","94.933663315",23.6,46.2
"Assad, Javier",665871,2024,638,19.4,9.9,".330",".341",36,8.8,39.8,"78.304060092","94.272452936",17.9,42.5
"Gallen, Zac",668678,2024,621,25.1,8.7,".301",".308",34.9,7.4,41,"79.81895601","94.40298237",26,44.2
"Ray, Robbie",592662,2025,400,27.5,9.5,".278",".279",31.7,7.9,43.3,"81.527761951","94.503325388",29.7,50
"Cease, Dylan",656302,2025,393,29.8,9.2,".315",".305",39,9.7,41.9,"78.412013136","94.387982851",34.7,50
"Rodriguez, Eduardo",593958,2025,328,24.4,8.2,".358",".309",33.2,7.3,34.1,"77.242432315","93.551993721",25.5,47
"Burke, Sean",680732,2025,354,19.2,10.5,".340",".365",39.8,11.1,42.2,"76.571415417","94.722205523",24.9,46.7
"Patrick, Chad",694477,2025,381,24.4,7.6,".315",".321",40.4,7.5,43.9,"79.434451905","94.645657381",23.1,50.3
"Steele, Justin",657006,2024,555,24.3,6.7,".271",".258",30.9,4.2,33.2,"75.731326576","93.083319918",23.7,51.5
"Gausman, Kevin",592332,2025,401,23.2,7.2,".289",".319",36.2,9.1,39.9,"78.377255547","94.366429377",25.9,51.6
"Rogers, Trevor",669432,2024,562,17.3,10,".350",".347",33.3,8.4,44.4,"80.391399303","94.92394505",20.9,46.2
"Flaherty, Jack",656427,2024,649,29.9,5.9,".288",".292",36.1,7.7,35.9,"77.445862362","93.776478992",32.1,46.2
"Jones, Jared",683003,2024,504,26.2,7.7,".314",".311",36.9,9.8,44.5,"79.019910366","94.534128685",30.2,51.6
"Littell, Zack",641793,2024,656,21.5,4.7,".317",".321",36.2,9.6,39.2,"78.590295546","94.137344568",23.1,51.9
"Gore, MacKenzie",669022,2025,405,31.9,7.2,".297",".301",37.3,9,43,"79.153453554","94.686869751",33,50.3
"Suárez, Albert",544150,2024,565,19.1,7.6,".320",".311",38,7.1,38.4,"78.437722921","93.664169109",24.6,50.4
"Kremer, Dean",665152,2024,553,22.2,9.2,".294",".326",31.1,9.8,35.4,"75.880741892","93.507892033",23.3,46.2
"Spence, Mitch",687765,2025,274,20.1,7.7,".314",".347",36.8,10.4,42,"79.820954526","94.643014053",27.4,50.4
"Littell, Zack",641793,2025,416,17.1,3.1,".321",".343",32.2,12,41.4,"80.672580123","94.568576502",19.9,53.1
"Pfaadt, Brandon",694297,2025,377,19.1,5.6,".358",".405",44.4,13.8,49.8,"81.279769781","96.277668132",22.8,48.2
"Montas, Frankie",593423,2024,655,22.6,10.1,".325",".333",36.2,9.2,43.1,"77.762357972","94.576313396",24.9,48.7
"Parker, Mitchell",680730,2025,393,15.8,9.2,".322",".369",34.6,7.9,49.7,"81.865664653","95.497699479",20.7,50.5
"Vásquez, Randy",681190,2025,366,13.1,10.7,".325",".374",33.7,11,38.8,"77.719625368","94.221457721",16.7,45.4
"Pfaadt, Brandon",694297,2024,760,24.3,5.5,".312",".301",33,8.1,39.4,"78.684914866","94.224942476",25.4,49.3
"Megill, Tylor",656731,2025,305,29.2,10.8,".305",".313",30.1,6.3,43.8,"79.63753","95.034338421",30.7,44.9
"Anderson, Tyler",542881,2025,399,19.3,8.8,".327",".337",44.4,9.2,36.6,"76.678306056","93.883498869",26.1,49.3
"Skenes, Paul",694973,2025,429,26.8,7,".236",".260",28.8,5,39.5,"76.391379496","93.767731403",29.1,49.5
"Lodolo, Nick",666157,2025,398,21.4,5,".313",".327",33,8.5,42.9,"78.997800438","94.562718285",23.8,49.8
"Bassitt, Chris",605135,2024,758,22.2,9.2,".331",".327",36.3,7.5,37.1,"75.64419492","94.077816493",21.7,45
"Martinez, Nick",607259,2025,381,18.1,5.5,".321",".328",35.9,8.4,36.2,"78.470905571","93.560885663",21.3,46.9
"Flexen, Chris",623167,2024,707,17.4,8.9,".355",".333",37,8.1,37.4,"77.948608016","93.935523035",22.7,46
"Skenes, Paul",694973,2024,514,33.1,6.2,".247",".248",27.8,5.2,36.3,"76.618528618","93.629853102",28.7,49.8
"Rasmussen, Drew",656876,2025,337,22,6.2,".267",".309",29,5.9,44.5,"80.675761933","94.85108692",21.8,47.8
"Sale, Chris",519242,2025,370,30.8,7,".291",".277",34.1,7.6,31.8,"74.71138982","93.227296425",30.3,49.7
"Parker, Mitchell",680730,2024,646,20.6,6.7,".311",".322",35.3,8.1,38.9,"79.509350699","94.140672817",22.3,51.4
"Anderson, Tyler",542881,2024,765,18.6,9.5,".308",".322",34.1,7.9,33,"76.273537333","93.1219435",27.8,49.3
"Crochet, Garrett",676979,2024,595,35.1,5.5,".280",".263",34.5,9.2,38.8,"76.536271919","94.146127471",33.1,53.2
"Greene, Hunter",668881,2024,611,27.7,9.3,".265",".271",29,5.2,32.5,"76.321243094","93.167150497",29.7,50.6
"Heaney, Andrew",571760,2024,693,22.9,5.9,".312",".325",37.4,8.3,40.1,"78.990582236","94.388347616",26.3,50.3
"López, Reynaldo",625643,2024,543,27.3,7.7,".271",".307",37.3,8.8,42.2,"79.439650977","94.317767471",27.5,49
"Freeland, Kyle",607536,2025,349,16.9,5.2,".365",".352",37,8.5,43,"79.756546288","94.713530076",21.7,51.6
"Rodón, Carlos",607074,2025,425,28.9,8.7,".264",".278",31.8,8.4,39.5,"78.339405234","94.271117294",32.5,44.7
"Peterson, David",656849,2025,402,20.6,8.5,".298",".330",32.5,6.1,45.4,"79.845807754","95.236806449",23.1,46.5
"Sánchez, Cristopher",650911,2024,754,20.3,5.8,".290",".293",30.2,5.4,34.5,"75.18960646","93.870693047",24.3,51.6
"Severino, Luis",622663,2025,462,15.4,7.4,".325",".345",35,6,43.3,"76.451891561","94.653415101",16.7,47.7
"Taillon, Jameson",592791,2024,675,18.5,4.9,".289",".311",32.2,7.2,38.8,"79.650003386","94.067909961",19.5,48.2
"Kikuchi, Yusei",579328,2024,736,28,6,".297",".298",33.5,9.7,45,"79.146503958","94.844128643",29,48.4
"Leiter, Jack",683004,2025,304,19.1,10.5,".306",".354",31.6,11.3,45.3,"81.670867264","95.12803967",23.1,47.9
"Wheeler, Zack",554430,2024,787,28.5,6.6,".256",".261",32.6,8.3,33.6,"74.93491968","93.046728036",27.5,51.2
"Soriano, José",667755,2025,417,20.1,10.8,".313",".325",25.6,7,47.7,"80.386497571","95.962405197",27.4,45.4
"Irvin, Jake",663623,2025,423,16.8,7.1,".337",".369",35.1,13.5,47.6,"79.594614304","95.362658291",17.7,47
"Woods Richardson, Simeon",680573,2024,569,20.6,8.4,".305",".310",35.7,8.2,36.2,"78.06318392","93.54377801",22.3,49.8
"Williams, Trevor",592866,2025,354,17.2,5.6,".340",".331",39.1,8.1,41,"80.236777197","94.428361894",19.7,46.7
"Suárez, Ranger",624133,2025,282,23.8,6,".251",".259",26.9,4.1,27.4,"71.830338878","92.379771939",22.2,49.1
"Brown, Hunter",686613,2025,368,32.1,7.6,".236",".276",32.9,5.9,30.6,"72.717804636","93.124569589",28.8,44.5
"Gilbert, Logan",669302,2024,803,27.4,4.6,".255",".276",33,7.2,39.3,"78.976067127","94.386132799",31.7,50.4
"Houck, Tanner",656557,2024,743,20.7,6.5,".276",".313",30.2,5.7,41.8,"78.489312385","94.430703969",22.6,46.8
"Bello, Brayan",678394,2025,312,16.7,10.3,".321",".346",29.5,7.6,37.9,"77.123081261","94.058820766",18.4,44.7
"Valdez, Framber",664285,2024,703,24,7.8,".272",".287",26,5.3,45,"80.000726364","94.620557662",27.2,45
"Pepiot, Ryan",686752,2025,388,23.7,7.7,".310",".319",35.7,8.7,43.3,"79.337618168","94.950411221",25.2,50.6
"Sears, JP",676664,2025,372,18,5.9,".348",".338",34.5,9.4,41.4,"79.937084676","94.497722599",20.3,46.7
"Cabrera, Edward",665795,2025,300,25,10,".304",".315",30.2,7.8,44.3,"79.075260105","94.672632526",27.5,43.4
"López, Pablo",641154,2024,772,25.6,5.3,".306",".297",35.9,8.2,37.5,"76.717040308","93.587928673",27,51.8
"Paddack, Chris",663978,2025,380,16.6,6.3,".312",".347",35.2,7.9,43.8,"79.342149648","94.6529725",20.6,50.7
"Verlander, Justin",434378,2025,294,18.7,8.5,".332",".360",40.6,11.3,40.1,"79.723612264","94.181895377",25.1,48.9
"Cortes Jr., Nestor",641482,2024,710,22.8,5.5,".307",".295",35,7.9,43.6,"79.122676225","94.470879177",24.2,50.4
"Bradley, Taj",671737,2025,390,20.3,9.2,".314",".312",30.3,5.9,38.2,"77.863078915","94.038534341",21.9,48.2
"Pallante, Andre",669467,2024,509,18.5,9.4,".293",".289",24.4,3.3,38.1,"75.339766989","93.795724801",19.8,46.4
"Holmes, Grant",656550,2025,401,28.2,11.2,".302",".322",37.2,11.3,43.5,"80.733410588","94.759975588",31,47.8
"Birdsong, Hayden",806185,2025,270,23,10.4,".331",".332",36.9,9.7,46.6,"79.191293068","94.6812544",28,45.3
"Nelson, Ryne",669194,2025,270,21.9,7.8,".268",".324",37.4,9.1,41.7,"80.768049032","94.731016216",21.5,48.6
"Newcomb, Sean",656794,2025,272,20.6,8.8,".337",".338",33,6.9,44.1,"79.378870217","94.724189945",19.8,45.6
"Eovaldi, Nathan",543135,2025,281,26.7,4.3,".235",".307",36,9,40.7,"79.217803118","94.719303387",28.6,50
"Senga, Kodai",673540,2025,293,23.9,10.6,".272",".289",26.7,6.3,39.8,"77.544048632","94.018922328",28.3,46.3
"Gusto, Ryan",687473,2025,289,24.6,8,".344",".319",32.6,8.8,41.5,"80.163085417","94.670644271",24.1,48.1
"Meyer, Max",676974,2025,285,23.9,7,".343",".348",30.3,9.2,48.2,"81.961734227","95.684813731",27.4,47.4
"Schmidt, Clarke",657376,2025,301,23.9,9.3,".268",".267",32,6,35,"76.6382734","93.613601658",27.1,48.2
"Francis, Bowden",670102,2025,288,18.8,9.4,".386",".383",34.3,12.4,52.2,"81.0541193","95.7876814",23.3,46.7
"Buehler, Walker",621111,2025,306,19.3,10.1,".376",".361",33.3,10.1,38.2,"75.304168529","94.16288848",20.3,44.6
"Dollander, Chase",801403,2025,290,17.2,10,".357",".368",36.4,12.9,41.1,"77.608957019","94.384611683",22.4,47.3
"Morton, Charlie",450203,2025,330,23.3,10.3,".353",".329",31.1,7.5,41.5,"80.976975143","94.698512153",26.9,46.1
"Elder, Bryce",693821,2025,300,19,8,".370",".377",32.4,10.2,47.2,"77.889847944","95.628291542",19.3,43.2
"Abbott, Andrew",671096,2025,320,23.8,6.9,".263",".285",34.4,8.6,32.6,"78.105607615","93.002728028",24.1,49.7
"Canning, Griffin",656288,2025,327,21.4,10.4,".306",".341",31.8,9.4,45.7,"81.002928257","95.23954656",25.5,45.8
"Priester, Quinn",682990,2025,324,18.8,8.6,".297",".312",27.4,6,42.3,"80.920458509","94.415415351",23.4,46.1
"Yamamoto, Yoshinobu",808967,2025,381,28.6,8.4,".258",".275",28.6,6.7,41.2,"78.802304576","94.5877075",27.3,45.8
"Williams, Gavin",668909,2025,375,21.9,13.1,".327",".343",34.3,9.1,40.5,"79.639538512","94.479383651",27.7,45
"May, Dustin",669160,2025,360,20.8,9.7,".334",".352",32.9,8.2,43.6,"78.98356125","95.162425063",20.6,43.8
"Ryan, Joe",657746,2025,383,28.2,5.2,".258",".296",32.7,11.4,40.8,"80.68459123","94.431601852",26.8,49.5
"Allen, Logan",671106,2025,343,17.5,9.9,".333",".342",29.7,9.8,33.3,"76.44305959","93.66061709",19,42.6
"Peralta, Freddy",642547,2025,385,25.5,8.8,".285",".314",36.4,9.7,36,"77.009399918","93.810417623",28.9,47.1
"Hancock, Emerson",676106,2025,335,15.8,9,".358",".371",34.4,8.1,41.7,"77.805918537","94.357054065",19.5,49
"Roupp, Landen",694738,2025,359,20.6,9.5,".316",".326",36.9,8,35.7,"75.74970541","94.094844303",25.2,43
"Singer, Brady",663903,2025,367,20.7,9.8,".320",".348",38.2,11.6,44.6,"80.93879104","95.035274056",23.1,43.1
"Gray, Sonny",543243,2025,375,26.9,4.5,".289",".309",36.1,8.3,37.7,"77.426824524","94.151508929",26.8,48.2
"Rea, Colin",607067,2025,332,16.9,5.7,".348",".364",40.9,11,43.3,"81.346150317","94.801919482",19.9,47.3
"Bubic, Kris",663460,2025,388,26,7.5,".275",".290",36.1,7.8,40,"76.697991575","94.158063622",29.7,50.7
"Corbin, Patrick",571578,2025,346,18.8,6.9,".323",".333",35.2,8.2,38.3,"78.84876624","94.11773908",24.9,46.3
"deGrom, Jacob",594798,2025,386,25.9,5.4,".241",".278",29.7,6.1,39.9,"79.239502462","94.137298726",29.6,51.5
"Luzardo, Jesús",666200,2025,408,27.2,7.8,".319",".307",36,6.1,41.3,"78.887179769","94.199795846",30.2,47.3
"Falter, Bailey",663559,2025,353,14.7,9.1,".303",".315",28.7,7.1,43.3,"78.620502955","94.530592803",17.6,45.9
"Kelly, Merrill",518876,2025,395,25.3,6.6,".280",".321",29.9,9.7,45.1,"78.911805076","95.333876439",26.3,47.5
"Kochanowicz, Jack",686799,2025,376,16.2,10.6,".361",".356",25.3,8.9,45.7,"81.431926667","95.284648885",21.9,47.7
"Baz, Shane",669358,2025,407,23.8,8.8,".320",".316",28.3,10.4,42,"78.711485522","94.677394478",25.4,48
"Mikolas, Miles",571945,2025,348,16.1,5.7,".324",".347",34.1,11.1,43.7,"78.13572291","94.632138881",16.6,46.5
"Bibee, Tanner",676440,2025,393,20.9,6.6,".310",".308",29.4,7.9,37.6,"76.85524942","94.002506727",23.8,45.1
"Boyd, Matthew",571510,2025,394,22.1,5.6,".286",".299",32.1,7.9,37.9,"77.154479784","93.866844585",22,52.2
"Crochet, Garrett",676979,2025,457,31.5,7,".258",".281",33.9,8.2,36.8,"75.868823913","93.898064945",29.9,51.6
"Heaney, Andrew",571760,2025,385,18.4,8.1,".316",".341",34.3,8.6,42.5,"79.416942754","94.743302545",21.2,48
"Hendricks, Kyle",543294,2025,371,16.2,6.2,".335",".320",31.3,8.8,35.6,"73.746408169","93.333161303",16.8,47.3
"Liberatore, Matthew",669461,2025,381,19.9,4.5,".288",".312",33.2,9.4,44.1,"80.918397589","94.95983",22.1,49.5
"Bassitt, Chris",605135,2025,412,22.6,6.1,".326",".314",32.8,7.3,34.8,"74.915506503","93.591650281",23,48.8
"Márquez, Germán",608566,2025,384,15.9,7,".366",".350",34.5,8.3,47.6,"80.877333194","95.207125556",19.2,49.2
"Lorenzen, Michael",547179,2025,400,19.5,7,".349",".332",38,8.6,41.1,"80.097849863","94.022092784",21.9,48.4
"Taillon, Jameson",592791,2025,388,19.1,5.2,".320",".332",35.4,10.5,40.1,"76.642634759","94.089968448",21.3,48.2
"Springs, Jeffrey",605488,2025,412,19.2,9,".308",".326",37.6,8.5,35.9,"77.417345782","93.737905427",25.7,46.3
"Sugano, Tomoyuki",608372,2025,373,13.9,4.8,".330",".364",37.5,10.7,37.5,"78.619947383","94.018430973",17.2,47.5
"Fedde, Erick",607200,2025,400,14.2,10.3,".327",".369",36.7,8.7,43.7,"80.919226216","94.573479898",17.4,44.2
"Pallante, Andre",669467,2025,398,15.8,7.8,".314",".329",27.5,7.3,44,"77.891973741","94.975768401",23.1,46.7
"Kremer, Dean",665152,2025,408,19.1,6.1,".318",".329",34.9,7.9,37.1,"77.472624694","94.048004864",20.1,48.9
"Gallen, Zac",668678,2025,448,21.9,9.4,".339",".351",36.6,12.4,47.4,"80.322785132","95.326054158",25.9,43.7
"Schwellenbach, Spencer",680885,2025,434,24.9,4.1,".268",".301",34.3,7.5,41.5,"76.928233856","94.493622852",28.3,51.8
"Ober, Bailey",641927,2025,406,18.2,5.4,".364",".338",33.3,10.8,41.2,"78.412714474","94.655981947",24.3,51.2
"Fried, Max",608331,2025,448,23.7,5.1,".251",".297",29.4,7,38.3,"75.966041364","93.874368929",24.6,47.6
"Senzatela, Antonio",622608,2025,391,10.7,7.9,".407",".404",34.5,9.2,46.2,"78.935630581","95.576844774",16.9,45.4
"Lynn, Lance",458681,2024,511,21.3,8.6,".314",".340",37,10.5,39.3,"77.577234686","94.259379457",24.1,48.4
"Peterson, David",656849,2024,510,19.8,9,".299",".328",35.7,7.3,42.7,"78.331204972","94.426613853",25.6,47.8
"Lorenzen, Michael",547179,2024,535,18.1,11,".303",".329",32.2,8,39.4,"76.902993817","94.185249946",22.8,44.7
"Bradley, Taj",671737,2024,578,26.6,8.1,".308",".314",34.9,10.2,42.9,"81.556942554","94.766375924",27.4,50.7
"Marsh, Alec",679525,2024,548,22.4,7.1,".325",".341",38,9.6,40.9,"78.827178162","94.623945041",23.5,47.6
"Gil, Luis",661563,2024,637,26.8,12.1,".288",".302",33.7,9.5,37.4,"78.931048895","94.034939077",29,45.5
"Pivetta, Nick",601713,2024,595,28.9,6.1,".306",".291",38.9,10.1,38.9,"79.225758698","93.96201671",25.6,50.3
"Cannon, Jonathan",686563,2024,522,17.4,7.7,".332",".322",38.3,7.3,36.3,"78.719188912","93.823911325",21.8,47.1
"Arrighetti, Spencer",681293,2024,632,27.1,10.3,".332",".311",38.3,7.7,39.8,"77.934348615","94.124621851",27.7,47.2
"Ortiz, Luis",682847,2024,556,19.2,7.6,".287",".320",34.9,8.8,37.7,"78.240775528","94.10121864",21,48.1
"Abbott, Andrew",671096,2024,586,19.5,8.9,".323",".310",36.6,9.3,33.5,"78.18333039","93.177609095",22.6,47.6
"Pérez, Martín",527048,2024,590,18.1,8.3,".351",".353",34.3,8.6,41.5,"76.89241338","94.749829061",21,46
"Martinez, Nick",607259,2024,570,20.4,3.2,".279",".278",34,5.1,30.5,"74.850496934","92.978959505",23.1,51.1
"Suárez, Ranger",624133,2024,626,23.2,6.5,".297",".297",32.9,5.1,34.3,"74.743507217","93.618829764",21.9,47.3
"Blanco, Ronel",669854,2024,676,24.6,10.1,".276",".309",30.1,9.3,35.5,"78.14814367","93.702377385",29,48.6
"Waldron, Matt",663362,2024,625,21.3,6.4,".323",".313",33.9,7,35,"77.177450505","93.585477592",20.8,45.3
"Falter, Bailey",663559,2024,589,16.5,7.6,".320",".336",36.6,9,41.3,"79.920380413","94.430660482",19.6,49.5
"Morton, Charlie",450203,2024,701,23.8,9.3,".335",".326",33,9.3,38.4,"77.729736875","93.929105313",26.1,46.6
"King, Michael",650633,2024,726,27.7,8.7,".284",".293",35.2,6.2,30.3,"73.981359732","92.671656987",29.3,45.4
"Lively, Ben",594902,2024,632,18.7,7.8,".315",".309",30.7,6.5,41.5,"80.455663231","94.191914792",18.6,46.6
"Nelson, Ryne",669194,2024,630,20,5.4,".322",".315",34.5,7.5,41.6,"79.83287319","94.487586272",18.2,51.8
"Ragans, Cole",666142,2024,762,29.3,8.8,".277",".283",31.8,6.2,35.4,"77.675891223","93.553010853",32,48.9
"Ober, Bailey",641927,2024,709,26.9,6.1,".282",".279",34.8,8.3,34.3,"76.699154464","93.270078151",29,52.4
"Cease, Dylan",656302,2024,762,29.4,8.5,".266",".283",32.4,8.5,38.6,"78.282702241","94.084709267",32.4,48.2
"Gore, MacKenzie",669022,2024,731,24.8,8.9,".324",".316",36.2,6.8,38.1,"76.776975684","93.73951438",28.6,50.4
"Rodón, Carlos",607074,2024,736,26.5,7.7,".320",".314",34.6,11,40.9,"80.220048043","94.543522745",30.1,49.4
"Bello, Brayan",678394,2024,702,21.8,9.1,".319",".328",34.2,7.4,41.1,"76.384630975","94.524067665",25.9,46.3
"Spence, Mitch",687765,2024,651,19.4,6.8,".340",".314",30.9,8.4,41.7,"78.960464768","94.185021142",22.5,50.6
"Eovaldi, Nathan",543135,2024,696,23.9,6,".291",".306",33.5,7.7,42.6,"77.906442017","94.485768718",26.8,52.2
"Manaea, Sean",640455,2024,738,24.9,8.5,".275",".300",37,7.5,37.8,"77.674456946","93.857812243",26.1,49
"Civale, Aaron",650644,2024,689,21.6,7.5,".327",".309",36.5,7.3,39.4,"79.152007238","94.002413711",21.9,45.2
"Fried, Max",608331,2024,714,23.2,8,".273",".299",30.4,5,34.6,"73.871292176","93.362715837",24.1,45.9
"Miller, Bryce",682243,2024,704,24.3,6.4,".260",".299",32.8,9.7,41.2,"80.650222167","94.328141625",24.4,48.9
"Wacha, Michael",608379,2024,685,21.2,6.6,".300",".311",32.7,8.2,32.5,"75.614261583","93.109005646",23.3,48.5
"Imanaga, Shota",684007,2024,694,25.1,4,".279",".286",36,8.6,39.3,"77.586230864","93.931424733",28.3,55.7
"Castillo, Luis",622491,2024,719,24.3,6.5,".305",".306",37,8.5,41.9,"78.938131564","94.546516728",25.9,50.6
"Stroman, Marcus",573186,2024,675,16.7,8.9,".341",".340",35.5,6.7,40.2,"78.437503663","94.344487814",20.4,43.9
"Fedde, Erick",607200,2024,726,21.2,7.2,".293",".306",32.4,7.6,37.7,"77.502500545","93.941632164",21.6,45.5
"Eflin, Zach",621107,2024,684,19.6,3.5,".297",".297",30,7.5,36.1,"76.388751434","94.040596667",21.6,50
"Rea, Colin",607067,2024,714,18.9,6,".327",".339",36.3,8.7,42,"80.213678192","94.594415173",19.3,46.8
"Severino, Luis",622663,2024,761,21.2,7.9,".308",".305",30.4,5.7,35.6,"75.272418577","93.515669191",22,50.6
"Singer, Brady",663903,2024,762,22.3,7.1,".316",".331",35.6,8,41.7,"77.275001577","94.431135896",25.1,44.7
"Gausman, Kevin",592332,2024,756,21.4,7.4,".300",".333",35.5,9.7,42.4,"79.496181832","94.740771683",23.4,49.9
"Keller, Mitch",656605,2024,773,21.5,6.5,".331",".320",38,7.2,39.3,"77.859026134","94.078079089",21.5,47.6
"Gomber, Austin",596295,2024,696,16.7,5.5,".339",".344",37.7,9.6,41.2,"80.036265299","94.432492071",19.9,48.3
"Burnes, Corbin",669203,2024,784,23.1,6.1,".273",".284",26.8,6.7,31.6,"76.693803832","93.206229159",28.6,48.8
"Sears, JP",676664,2024,758,18.1,6.5,".324",".324",32.7,10.2,40.2,"78.173332182","94.379787855",21.8,48.7
"Berríos, José",621244,2024,786,19.5,6.9,".308",".334",36.3,7.8,41.8,"79.087839143","94.188449928",21.1,46.7
"Mikolas, Miles",571945,2024,720,16.9,3.5,".339",".331",38.1,8.1,42.3,"77.511449435","94.25374515",16.4,49.8
"Corbin, Patrick",571578,2024,764,18.2,7.1,".357",".357",37.3,8.3,46.7,"79.877843129","95.30570991",22.4,48.2
"Kirby, George",669923,2024,778,23,3,".287",".288",30.5,8.1,36.3,"78.774593274","93.753520357",24.1,53.4
"Nola, Aaron",605400,2024,820,24,6.1,".310",".299",35.4,7.2,38.2,"77.265343569","94.038174053",25.2,48.6
"Lugo, Seth",607625,2024,836,21.7,5.7,".278",".300",32.8,8,39,"77.299278949","93.994017356",22.5,46.7
"Webb, Logan",657277,2024,841,20.5,5.9,".288",".320",32.1,7,46.2,"77.927662825","95.233452829",20.8,46.2